-----------------------------------------------------------
Server,listening,on,5201
-----------------------------------------------------------
Accepted,connection,from,"10.45.0.14,",port,38116
[,5],local,10.45.0.1,port,5201,connected,to,10.45.0.14,port,38118
[,ID],Interval,Transfer,Bitrate
[,5],0.00-1.00,sec,82.9,KBytes,679,Kbits/sec
[,5],1.00-2.00,sec,129,KBytes,1.06,Mbits/sec
[,5],2.00-3.00,sec,111,KBytes,906,Kbits/sec
[,5],3.00-4.00,sec,92.1,KBytes,755,Kbits/sec
[,5],4.00-5.00,sec,85.6,KBytes,701,Kbits/sec
[,5],5.00-6.00,sec,77.7,KBytes,636,Kbits/sec
[,5],6.00-7.00,sec,80.3,KBytes,658,Kbits/sec
[,5],7.00-8.00,sec,81.6,KBytes,669,Kbits/sec
[,5],8.00-9.00,sec,86.9,KBytes,712,Kbits/sec
[,5],9.00-10.00,sec,86.9,KBytes,712,Kbits/sec
[,5],10.00-11.00,sec,88.2,KBytes,723,Kbits/sec
[,5],11.00-12.00,sec,94.8,KBytes,776,Kbits/sec
[,5],12.00-13.00,sec,103,KBytes,841,Kbits/sec
[,5],13.00-14.00,sec,94.8,KBytes,776,Kbits/sec
[,5],14.00-15.00,sec,97.4,KBytes,798,Kbits/sec
[,5],15.00-16.00,sec,90.8,KBytes,744,Kbits/sec
[,5],16.00-17.00,sec,76.4,KBytes,625,Kbits/sec
[,5],17.00-18.00,sec,69.8,KBytes,572,Kbits/sec
[,5],18.00-19.00,sec,67.1,KBytes,550,Kbits/sec
[,5],19.00-20.00,sec,64.5,KBytes,528,Kbits/sec
[,5],20.00-21.00,sec,75.0,KBytes,615,Kbits/sec
[,5],21.00-22.00,sec,73.7,KBytes,604,Kbits/sec
[,5],22.00-23.00,sec,92.1,KBytes,755,Kbits/sec
[,5],23.00-24.00,sec,107,KBytes,874,Kbits/sec
[,5],24.00-25.00,sec,93.5,KBytes,766,Kbits/sec
[,5],25.00-26.00,sec,92.1,KBytes,755,Kbits/sec
[,5],26.00-27.00,sec,77.7,KBytes,636,Kbits/sec
[,5],27.00-28.00,sec,44.8,KBytes,367,Kbits/sec
[,5],28.00-29.00,sec,23.7,KBytes,194,Kbits/sec
[,5],29.00-30.00,sec,73.7,KBytes,604,Kbits/sec
[,5],30.00-31.00,sec,94.8,KBytes,776,Kbits/sec
[,5],31.00-32.00,sec,97.4,KBytes,798,Kbits/sec
[,5],32.00-33.00,sec,89.5,KBytes,733,Kbits/sec
[,5],33.00-34.00,sec,109,KBytes,895,Kbits/sec
[,5],34.00-35.00,sec,101,KBytes,830,Kbits/sec
[,5],35.00-36.00,sec,97.4,KBytes,798,Kbits/sec
[,5],36.00-37.00,sec,98.7,KBytes,809,Kbits/sec
[,5],37.00-38.00,sec,105,KBytes,863,Kbits/sec
[,5],38.00-39.00,sec,113,KBytes,927,Kbits/sec
[,5],39.00-40.00,sec,111,KBytes,906,Kbits/sec
[,5],40.00-41.00,sec,100,KBytes,820,Kbits/sec
[,5],41.00-42.00,sec,94.8,KBytes,776,Kbits/sec
[,5],42.00-43.00,sec,88.2,KBytes,723,Kbits/sec
[,5],43.00-44.00,sec,103,KBytes,841,Kbits/sec
[,5],44.00-45.00,sec,101,KBytes,830,Kbits/sec
[,5],45.00-46.00,sec,104,KBytes,852,Kbits/sec
[,5],46.00-47.00,sec,100,KBytes,820,Kbits/sec
[,5],47.00-48.00,sec,108,KBytes,884,Kbits/sec
[,5],48.00-49.00,sec,101,KBytes,830,Kbits/sec
[,5],49.00-50.00,sec,107,KBytes,874,Kbits/sec
[,5],50.00-51.00,sec,112,KBytes,917,Kbits/sec
[,5],51.00-52.00,sec,111,KBytes,906,Kbits/sec
[,5],52.00-53.00,sec,120,KBytes,981,Kbits/sec
[,5],53.00-54.00,sec,116,KBytes,949,Kbits/sec
[,5],54.00-55.00,sec,115,KBytes,938,Kbits/sec
[,5],55.00-56.00,sec,130,KBytes,1.07,Mbits/sec
[,5],56.00-57.00,sec,137,KBytes,1.12,Mbits/sec
[,5],57.00-58.00,sec,124,KBytes,1.01,Mbits/sec
[,5],58.00-59.00,sec,128,KBytes,1.05,Mbits/sec
[,5],59.00-60.00,sec,141,KBytes,1.15,Mbits/sec
[,5],60.00-61.00,sec,136,KBytes,1.11,Mbits/sec
[,5],61.00-62.00,sec,136,KBytes,1.11,Mbits/sec
[,5],62.00-63.00,sec,137,KBytes,1.12,Mbits/sec
[,5],63.00-64.00,sec,133,KBytes,1.09,Mbits/sec
[,5],64.00-65.00,sec,129,KBytes,1.06,Mbits/sec
[,5],65.00-66.00,sec,132,KBytes,1.08,Mbits/sec
[,5],66.00-67.00,sec,132,KBytes,1.08,Mbits/sec
[,5],67.00-68.00,sec,133,KBytes,1.09,Mbits/sec
[,5],68.00-69.00,sec,132,KBytes,1.08,Mbits/sec
[,5],69.00-70.00,sec,126,KBytes,1.04,Mbits/sec
[,5],70.00-71.00,sec,118,KBytes,971,Kbits/sec
[,5],71.00-72.00,sec,130,KBytes,1.07,Mbits/sec
[,5],72.00-73.00,sec,136,KBytes,1.11,Mbits/sec
[,5],73.00-74.00,sec,136,KBytes,1.11,Mbits/sec
[,5],74.00-75.00,sec,136,KBytes,1.11,Mbits/sec
[,5],75.00-76.00,sec,141,KBytes,1.15,Mbits/sec
[,5],76.00-77.00,sec,154,KBytes,1.26,Mbits/sec
[,5],77.00-78.00,sec,147,KBytes,1.21,Mbits/sec
[,5],78.00-79.00,sec,146,KBytes,1.20,Mbits/sec
[,5],79.00-80.00,sec,147,KBytes,1.21,Mbits/sec
[,5],80.00-81.00,sec,146,KBytes,1.20,Mbits/sec
[,5],81.00-82.00,sec,153,KBytes,1.25,Mbits/sec
[,5],82.00-83.00,sec,153,KBytes,1.25,Mbits/sec
[,5],83.00-84.00,sec,149,KBytes,1.22,Mbits/sec
[,5],84.00-85.00,sec,166,KBytes,1.36,Mbits/sec
[,5],85.00-86.00,sec,171,KBytes,1.40,Mbits/sec
[,5],86.00-87.00,sec,159,KBytes,1.30,Mbits/sec
[,5],87.00-88.00,sec,155,KBytes,1.27,Mbits/sec
[,5],88.00-89.00,sec,167,KBytes,1.37,Mbits/sec
[,5],89.00-90.00,sec,166,KBytes,1.36,Mbits/sec
[,5],90.00-91.00,sec,158,KBytes,1.29,Mbits/sec
[,5],91.00-92.00,sec,158,KBytes,1.29,Mbits/sec
[,5],92.00-93.00,sec,163,KBytes,1.34,Mbits/sec
[,5],93.00-94.00,sec,159,KBytes,1.30,Mbits/sec
[,5],94.00-95.00,sec,167,KBytes,1.37,Mbits/sec
[,5],95.00-96.00,sec,163,KBytes,1.34,Mbits/sec
[,5],96.00-97.00,sec,163,KBytes,1.34,Mbits/sec
[,5],97.00-98.00,sec,129,KBytes,1.06,Mbits/sec
[,5],98.00-99.00,sec,86.9,KBytes,712,Kbits/sec
[,5],99.00-100.00,sec,81.6,KBytes,669,Kbits/sec
[,5],100.00-101.00,sec,88.2,KBytes,723,Kbits/sec
[,5],101.00-102.00,sec,98.7,KBytes,809,Kbits/sec
[,5],102.00-103.00,sec,105,KBytes,863,Kbits/sec
[,5],103.00-104.00,sec,101,KBytes,830,Kbits/sec
[,5],104.00-105.00,sec,92.1,KBytes,755,Kbits/sec
[,5],105.00-106.00,sec,90.8,KBytes,744,Kbits/sec
[,5],106.00-107.00,sec,101,KBytes,830,Kbits/sec
[,5],107.00-108.00,sec,108,KBytes,884,Kbits/sec
[,5],108.00-109.00,sec,105,KBytes,863,Kbits/sec
[,5],109.00-110.00,sec,103,KBytes,841,Kbits/sec
[,5],110.00-111.00,sec,103,KBytes,841,Kbits/sec
[,5],111.00-112.00,sec,103,KBytes,841,Kbits/sec
[,5],112.00-113.00,sec,101,KBytes,830,Kbits/sec
[,5],113.00-114.00,sec,104,KBytes,852,Kbits/sec
[,5],114.00-115.00,sec,107,KBytes,874,Kbits/sec
[,5],115.00-116.00,sec,109,KBytes,895,Kbits/sec
[,5],116.00-117.00,sec,111,KBytes,906,Kbits/sec
[,5],117.00-118.00,sec,100,KBytes,820,Kbits/sec
[,5],118.00-119.00,sec,105,KBytes,863,Kbits/sec
[,5],119.00-120.00,sec,101,KBytes,830,Kbits/sec
[,5],120.00-121.00,sec,111,KBytes,906,Kbits/sec
[,5],121.00-122.00,sec,107,KBytes,874,Kbits/sec
[,5],122.00-123.00,sec,86.9,KBytes,712,Kbits/sec
[,5],123.00-124.00,sec,73.7,KBytes,604,Kbits/sec
[,5],124.00-125.00,sec,44.8,KBytes,367,Kbits/sec
[,5],125.00-125.96,sec,51.3,KBytes,438,Kbits/sec
-,-,-,-,-,-,-,-,-,-,-,-,-,-,-,-,-,-,-,-,-,-,-,-,-
[,ID],Interval,Transfer,Bitrate
[,5],0.00-125.96,sec,13.7,MBytes,911,Kbits/sec,receiver
