-----------------------------------------------------------
Server,listening,on,5201
-----------------------------------------------------------
Accepted,connection,from,"10.45.0.14,",port,38028
[,5],local,10.45.0.1,port,5201,connected,to,10.45.0.14,port,38030
[,ID],Interval,Transfer,Bitrate
[,5],0.00-1.00,sec,399,KBytes,3.27,Mbits/sec
[,5],1.00-2.00,sec,367,KBytes,3.01,Mbits/sec
[,5],2.00-3.00,sec,234,KBytes,1.92,Mbits/sec
[,5],3.00-4.00,sec,415,KBytes,3.40,Mbits/sec
[,5],4.00-5.00,sec,427,KBytes,3.49,Mbits/sec
[,5],5.00-6.00,sec,628,KBytes,5.14,Mbits/sec
[,5],6.00-7.00,sec,770,KBytes,6.31,Mbits/sec
[,5],7.00-8.00,sec,627,KBytes,5.13,Mbits/sec
[,5],8.00-9.00,sec,569,KBytes,4.66,Mbits/sec
[,5],9.00-10.00,sec,660,KBytes,5.40,Mbits/sec
[,5],10.00-11.00,sec,810,KBytes,6.63,Mbits/sec
[,5],11.00-12.00,sec,906,KBytes,7.42,Mbits/sec
[,5],12.00-13.00,sec,842,KBytes,6.90,Mbits/sec
[,5],13.00-14.00,sec,810,KBytes,6.63,Mbits/sec
[,5],14.00-15.00,sec,800,KBytes,6.56,Mbits/sec
[,5],15.00-16.00,sec,866,KBytes,7.10,Mbits/sec
[,5],16.00-17.00,sec,770,KBytes,6.31,Mbits/sec
[,5],17.00-18.00,sec,820,KBytes,6.72,Mbits/sec
[,5],18.00-19.00,sec,760,KBytes,6.22,Mbits/sec
[,5],19.00-20.00,sec,720,KBytes,5.90,Mbits/sec
[,5],20.00-21.00,sec,854,KBytes,7.00,Mbits/sec
[,5],21.00-22.00,sec,850,KBytes,6.97,Mbits/sec
[,5],22.00-23.00,sec,848,KBytes,6.94,Mbits/sec
[,5],23.00-24.00,sec,744,KBytes,6.09,Mbits/sec
[,5],24.00-25.00,sec,775,KBytes,6.35,Mbits/sec
[,5],25.00-26.00,sec,811,KBytes,6.64,Mbits/sec
[,5],26.00-27.00,sec,817,KBytes,6.70,Mbits/sec
[,5],27.00-28.00,sec,782,KBytes,6.41,Mbits/sec
[,5],28.00-29.00,sec,775,KBytes,6.35,Mbits/sec
[,5],29.00-30.00,sec,787,KBytes,6.45,Mbits/sec
[,5],30.00-31.00,sec,792,KBytes,6.49,Mbits/sec
[,5],31.00-32.00,sec,713,KBytes,5.84,Mbits/sec
[,5],32.00-33.00,sec,728,KBytes,5.96,Mbits/sec
[,5],33.00-34.00,sec,774,KBytes,6.34,Mbits/sec
[,5],34.00-35.00,sec,749,KBytes,6.14,Mbits/sec
[,5],35.00-36.00,sec,761,KBytes,6.23,Mbits/sec
[,5],36.00-37.00,sec,685,KBytes,5.61,Mbits/sec
[,5],37.00-38.00,sec,695,KBytes,5.69,Mbits/sec
[,5],38.00-39.00,sec,727,KBytes,5.95,Mbits/sec
[,5],39.00-40.00,sec,708,KBytes,5.80,Mbits/sec
[,5],40.00-41.00,sec,737,KBytes,6.04,Mbits/sec
[,5],41.00-42.00,sec,742,KBytes,6.08,Mbits/sec
[,5],42.00-43.00,sec,771,KBytes,6.32,Mbits/sec
[,5],43.00-44.00,sec,754,KBytes,6.18,Mbits/sec
[,5],44.00-45.00,sec,648,KBytes,5.31,Mbits/sec
[,5],45.00-46.00,sec,653,KBytes,5.35,Mbits/sec
[,5],46.00-47.00,sec,699,KBytes,5.73,Mbits/sec
[,5],47.00-48.00,sec,742,KBytes,6.08,Mbits/sec
[,5],48.00-49.00,sec,746,KBytes,6.11,Mbits/sec
[,5],49.00-50.00,sec,744,KBytes,6.09,Mbits/sec
[,5],50.00-51.00,sec,740,KBytes,6.06,Mbits/sec
[,5],51.00-52.00,sec,750,KBytes,6.15,Mbits/sec
[,5],52.00-53.00,sec,737,KBytes,6.04,Mbits/sec
[,5],53.00-54.00,sec,732,KBytes,6.00,Mbits/sec
[,5],54.00-55.00,sec,725,KBytes,5.94,Mbits/sec
[,5],55.00-56.00,sec,733,KBytes,6.01,Mbits/sec
[,5],56.00-57.00,sec,710,KBytes,5.81,Mbits/sec
[,5],57.00-58.00,sec,681,KBytes,5.58,Mbits/sec
[,5],58.00-59.00,sec,669,KBytes,5.48,Mbits/sec
[,5],59.00-60.00,sec,695,KBytes,5.69,Mbits/sec
[,5],60.00-61.00,sec,707,KBytes,5.79,Mbits/sec
[,5],61.00-62.00,sec,667,KBytes,5.47,Mbits/sec
[,5],62.00-63.00,sec,663,KBytes,5.44,Mbits/sec
[,5],63.00-64.00,sec,660,KBytes,5.40,Mbits/sec
[,5],64.00-65.00,sec,642,KBytes,5.26,Mbits/sec
[,5],65.00-66.00,sec,650,KBytes,5.33,Mbits/sec
[,5],66.00-67.00,sec,678,KBytes,5.55,Mbits/sec
[,5],67.00-68.00,sec,677,KBytes,5.54,Mbits/sec
[,5],68.00-69.00,sec,671,KBytes,5.50,Mbits/sec
[,5],69.00-70.00,sec,660,KBytes,5.40,Mbits/sec
[,5],70.00-71.00,sec,642,KBytes,5.26,Mbits/sec
[,5],71.00-72.00,sec,607,KBytes,4.97,Mbits/sec
[,5],72.00-73.00,sec,583,KBytes,4.78,Mbits/sec
[,5],73.00-74.00,sec,608,KBytes,4.98,Mbits/sec
[,5],74.00-75.00,sec,661,KBytes,5.41,Mbits/sec
[,5],75.00-76.00,sec,716,KBytes,5.87,Mbits/sec
[,5],76.00-77.00,sec,764,KBytes,6.25,Mbits/sec
[,5],77.00-78.00,sec,744,KBytes,6.09,Mbits/sec
[,5],78.00-79.00,sec,757,KBytes,6.20,Mbits/sec
[,5],79.00-80.00,sec,731,KBytes,5.99,Mbits/sec
[,5],80.00-81.00,sec,661,KBytes,5.41,Mbits/sec
[,5],81.00-82.00,sec,637,KBytes,5.22,Mbits/sec
[,5],82.00-83.00,sec,629,KBytes,5.15,Mbits/sec
[,5],83.00-84.00,sec,628,KBytes,5.14,Mbits/sec
[,5],84.00-85.00,sec,637,KBytes,5.22,Mbits/sec
[,5],85.00-86.00,sec,609,KBytes,4.99,Mbits/sec
[,5],86.00-87.00,sec,607,KBytes,4.97,Mbits/sec
[,5],87.00-88.00,sec,629,KBytes,5.15,Mbits/sec
[,5],88.00-89.00,sec,617,KBytes,5.06,Mbits/sec
[,5],89.00-90.00,sec,616,KBytes,5.05,Mbits/sec
[,5],90.00-91.00,sec,617,KBytes,5.06,Mbits/sec
[,5],91.00-92.00,sec,591,KBytes,4.84,Mbits/sec
[,5],92.00-93.00,sec,588,KBytes,4.82,Mbits/sec
[,5],93.00-94.00,sec,606,KBytes,4.96,Mbits/sec
[,5],94.00-95.00,sec,599,KBytes,4.91,Mbits/sec
[,5],95.00-96.00,sec,575,KBytes,4.71,Mbits/sec
[,5],96.00-97.00,sec,586,KBytes,4.80,Mbits/sec
[,5],97.00-98.00,sec,545,KBytes,4.46,Mbits/sec
[,5],98.00-99.00,sec,554,KBytes,4.54,Mbits/sec
[,5],99.00-100.00,sec,563,KBytes,4.62,Mbits/sec
[,5],100.00-101.00,sec,588,KBytes,4.82,Mbits/sec
[,5],101.00-102.00,sec,661,KBytes,5.41,Mbits/sec
[,5],102.00-103.00,sec,658,KBytes,5.39,Mbits/sec
[,5],103.00-104.00,sec,713,KBytes,5.84,Mbits/sec
[,5],104.00-105.00,sec,750,KBytes,6.15,Mbits/sec
[,5],105.00-106.00,sec,796,KBytes,6.52,Mbits/sec
[,5],106.00-107.00,sec,786,KBytes,6.44,Mbits/sec
[,5],107.00-108.00,sec,774,KBytes,6.34,Mbits/sec
[,5],108.00-109.00,sec,787,KBytes,6.45,Mbits/sec
[,5],109.00-110.00,sec,815,KBytes,6.68,Mbits/sec
[,5],110.00-111.00,sec,842,KBytes,6.90,Mbits/sec
[,5],111.00-112.00,sec,774,KBytes,6.34,Mbits/sec
[,5],112.00-113.00,sec,779,KBytes,6.38,Mbits/sec
[,5],113.00-114.00,sec,794,KBytes,6.50,Mbits/sec
[,5],114.00-115.00,sec,827,KBytes,6.77,Mbits/sec
[,5],115.00-116.00,sec,821,KBytes,6.73,Mbits/sec
[,5],116.00-117.00,sec,775,KBytes,6.35,Mbits/sec
[,5],117.00-118.00,sec,769,KBytes,6.30,Mbits/sec
[,5],118.00-119.00,sec,767,KBytes,6.29,Mbits/sec
[,5],119.00-120.00,sec,792,KBytes,6.49,Mbits/sec
[,5],120.00-120.59,sec,480,KBytes,6.67,Mbits/sec
-,-,-,-,-,-,-,-,-,-,-,-,-,-,-,-,-,-,-,-,-,-,-,-,-
[,ID],Interval,Transfer,Bitrate
[,5],0.00-120.59,sec,82.3,MBytes,5.73,Mbits/sec,receiver
