-----------------------------------------------------------
Server,listening,on,5201
-----------------------------------------------------------
Accepted,connection,from,"10.45.0.14,",port,42490
[,5],local,10.45.0.1,port,5201,connected,to,10.45.0.14,port,42492
[,ID],Interval,Transfer,Bitrate
[,5],0.00-1.00,sec,1.44,MBytes,12.1,Mbits/sec
[,5],1.00-2.00,sec,2.09,MBytes,17.5,Mbits/sec
[,5],2.00-3.00,sec,1.44,MBytes,12.1,Mbits/sec
[,5],3.00-4.00,sec,972,KBytes,7.96,Mbits/sec
[,5],4.00-5.00,sec,748,KBytes,6.13,Mbits/sec
[,5],5.00-6.00,sec,794,KBytes,6.50,Mbits/sec
[,5],6.00-7.00,sec,786,KBytes,6.44,Mbits/sec
[,5],7.00-8.00,sec,732,KBytes,6.00,Mbits/sec
[,5],8.00-9.00,sec,1.24,MBytes,10.4,Mbits/sec
[,5],9.00-10.00,sec,1.02,MBytes,8.59,Mbits/sec
[,5],10.00-11.00,sec,908,KBytes,7.44,Mbits/sec
[,5],11.00-12.00,sec,454,KBytes,3.72,Mbits/sec
[,5],12.00-13.00,sec,740,KBytes,6.06,Mbits/sec
[,5],13.00-14.00,sec,599,KBytes,4.91,Mbits/sec
[,5],14.00-15.00,sec,211,KBytes,1.73,Mbits/sec
[,5],15.00-16.00,sec,832,KBytes,6.82,Mbits/sec
[,5],16.00-17.00,sec,1.50,MBytes,12.6,Mbits/sec
[,5],17.00-18.00,sec,1.41,MBytes,11.8,Mbits/sec
[,5],18.00-19.00,sec,1.19,MBytes,9.96,Mbits/sec
[,5],19.00-20.00,sec,1.04,MBytes,8.76,Mbits/sec
[,5],20.00-21.00,sec,1.03,MBytes,8.64,Mbits/sec
[,5],21.00-22.00,sec,1.15,MBytes,9.61,Mbits/sec
[,5],22.00-23.00,sec,803,KBytes,6.58,Mbits/sec
[,5],23.00-24.00,sec,900,KBytes,7.38,Mbits/sec
[,5],24.00-25.00,sec,1.05,MBytes,8.84,Mbits/sec
[,5],25.00-26.00,sec,789,KBytes,6.46,Mbits/sec
[,5],26.00-27.00,sec,1.36,MBytes,11.4,Mbits/sec
[,5],27.00-28.00,sec,1.26,MBytes,10.6,Mbits/sec
[,5],28.00-29.00,sec,1.50,MBytes,12.6,Mbits/sec
[,5],29.00-30.00,sec,1.61,MBytes,13.5,Mbits/sec
[,5],30.00-31.00,sec,1.17,MBytes,9.80,Mbits/sec
[,5],31.00-32.00,sec,1.10,MBytes,9.20,Mbits/sec
[,5],32.00-33.00,sec,1.23,MBytes,10.3,Mbits/sec
[,5],33.00-34.00,sec,900,KBytes,7.38,Mbits/sec
[,5],34.00-35.00,sec,882,KBytes,7.23,Mbits/sec
[,5],35.00-36.00,sec,1.23,MBytes,10.3,Mbits/sec
[,5],36.00-37.00,sec,212,KBytes,1.74,Mbits/sec
[,5],37.00-38.00,sec,554,KBytes,4.54,Mbits/sec
[,5],38.00-39.00,sec,1.28,MBytes,10.7,Mbits/sec
[,5],39.00-40.00,sec,1.17,MBytes,9.82,Mbits/sec
[,5],40.00-41.00,sec,1.30,MBytes,10.9,Mbits/sec
[,5],41.00-42.00,sec,1.64,MBytes,13.8,Mbits/sec
[,5],42.00-43.00,sec,1.36,MBytes,11.4,Mbits/sec
[,5],43.00-44.00,sec,1.12,MBytes,9.43,Mbits/sec
[,5],44.00-45.00,sec,1.20,MBytes,10.1,Mbits/sec
[,5],45.00-46.00,sec,1.15,MBytes,9.65,Mbits/sec
[,5],46.00-47.00,sec,1.51,MBytes,12.6,Mbits/sec
[,5],47.00-48.00,sec,1016,KBytes,8.33,Mbits/sec
[,5],48.00-49.00,sec,1.42,MBytes,11.9,Mbits/sec
[,5],49.00-50.00,sec,989,KBytes,8.10,Mbits/sec
[,5],50.00-51.00,sec,904,KBytes,7.41,Mbits/sec
[,5],51.00-52.00,sec,1.11,MBytes,9.35,Mbits/sec
[,5],52.00-53.00,sec,1.04,MBytes,8.69,Mbits/sec
[,5],53.00-54.00,sec,744,KBytes,6.09,Mbits/sec
[,5],54.00-55.00,sec,943,KBytes,7.72,Mbits/sec
[,5],55.00-56.00,sec,1.00,MBytes,8.39,Mbits/sec
[,5],56.00-57.00,sec,1.09,MBytes,9.15,Mbits/sec
[,5],57.00-58.00,sec,1.32,MBytes,11.1,Mbits/sec
[,5],58.00-59.00,sec,1.03,MBytes,8.61,Mbits/sec
[,5],59.00-60.00,sec,1.39,MBytes,11.6,Mbits/sec
[,5],60.00-61.00,sec,1.38,MBytes,11.5,Mbits/sec
[,5],61.00-62.00,sec,1.38,MBytes,11.6,Mbits/sec
[,5],62.00-63.00,sec,1022,KBytes,8.37,Mbits/sec
[,5],63.00-64.00,sec,715,KBytes,5.86,Mbits/sec
[,5],64.00-65.00,sec,817,KBytes,6.70,Mbits/sec
[,5],65.00-66.00,sec,1.43,MBytes,12.0,Mbits/sec
[,5],66.00-67.00,sec,1.19,MBytes,9.98,Mbits/sec
[,5],67.00-68.00,sec,821,KBytes,6.73,Mbits/sec
[,5],68.00-69.00,sec,1.37,MBytes,11.5,Mbits/sec
[,5],69.00-70.00,sec,1.54,MBytes,12.9,Mbits/sec
[,5],70.00-71.00,sec,1.18,MBytes,9.89,Mbits/sec
[,5],71.00-72.00,sec,1.33,MBytes,11.2,Mbits/sec
[,5],72.00-73.00,sec,1.61,MBytes,13.5,Mbits/sec
[,5],73.00-74.00,sec,1.30,MBytes,10.9,Mbits/sec
[,5],74.00-75.00,sec,1.30,MBytes,10.9,Mbits/sec
[,5],75.00-76.00,sec,1.55,MBytes,13.0,Mbits/sec
[,5],76.00-77.00,sec,1.60,MBytes,13.4,Mbits/sec
[,5],77.00-78.00,sec,1.54,MBytes,12.9,Mbits/sec
[,5],78.00-79.00,sec,1.49,MBytes,12.5,Mbits/sec
[,5],79.00-80.00,sec,1.51,MBytes,12.7,Mbits/sec
[,5],80.00-81.00,sec,1.51,MBytes,12.6,Mbits/sec
[,5],81.00-82.00,sec,1.28,MBytes,10.8,Mbits/sec
[,5],82.00-83.00,sec,1.20,MBytes,10.0,Mbits/sec
[,5],83.00-84.00,sec,1.46,MBytes,12.2,Mbits/sec
[,5],84.00-85.00,sec,1.13,MBytes,9.47,Mbits/sec
[,5],85.00-86.00,sec,1.01,MBytes,8.50,Mbits/sec
[,5],86.00-87.00,sec,1.07,MBytes,8.99,Mbits/sec
[,5],87.00-88.00,sec,950,KBytes,7.79,Mbits/sec
[,5],88.00-89.00,sec,1.02,MBytes,8.54,Mbits/sec
[,5],89.00-90.00,sec,629,KBytes,5.15,Mbits/sec
[,5],90.00-91.00,sec,764,KBytes,6.25,Mbits/sec
[,5],91.00-92.00,sec,1.16,MBytes,9.72,Mbits/sec
[,5],92.00-93.00,sec,1.36,MBytes,11.4,Mbits/sec
[,5],93.00-94.00,sec,732,KBytes,6.00,Mbits/sec
[,5],94.00-95.00,sec,1023,KBytes,8.38,Mbits/sec
[,5],95.00-96.00,sec,1.07,MBytes,8.96,Mbits/sec
[,5],96.00-97.00,sec,1.20,MBytes,10.0,Mbits/sec
[,5],97.00-98.00,sec,1.09,MBytes,9.17,Mbits/sec
[,5],98.00-99.00,sec,968,KBytes,7.93,Mbits/sec
[,5],99.00-100.00,sec,1.51,MBytes,12.6,Mbits/sec
[,5],100.00-101.00,sec,1.56,MBytes,13.1,Mbits/sec
[,5],101.00-102.00,sec,1.51,MBytes,12.6,Mbits/sec
[,5],102.00-103.00,sec,1.40,MBytes,11.7,Mbits/sec
[,5],103.00-104.00,sec,1.71,MBytes,14.3,Mbits/sec
[,5],104.00-105.00,sec,1.57,MBytes,13.1,Mbits/sec
[,5],105.00-106.00,sec,1.40,MBytes,11.8,Mbits/sec
[,5],106.00-107.00,sec,1.62,MBytes,13.6,Mbits/sec
[,5],107.00-108.00,sec,1.21,MBytes,10.2,Mbits/sec
[,5],108.00-109.00,sec,1.35,MBytes,11.4,Mbits/sec
[,5],109.00-110.00,sec,1.48,MBytes,12.5,Mbits/sec
[,5],110.00-111.00,sec,1.45,MBytes,12.2,Mbits/sec
[,5],111.00-112.00,sec,1.44,MBytes,12.1,Mbits/sec
[,5],112.00-113.00,sec,1.58,MBytes,13.2,Mbits/sec
[,5],113.00-114.00,sec,1.57,MBytes,13.2,Mbits/sec
[,5],114.00-115.00,sec,1.54,MBytes,12.9,Mbits/sec
[,5],115.00-116.00,sec,1.61,MBytes,13.5,Mbits/sec
[,5],116.00-117.00,sec,1.56,MBytes,13.1,Mbits/sec
[,5],117.00-118.00,sec,1.60,MBytes,13.4,Mbits/sec
[,5],118.00-119.00,sec,1.65,MBytes,13.8,Mbits/sec
[,5],119.00-120.00,sec,1.57,MBytes,13.2,Mbits/sec
[,5],120.00-120.36,sec,545,KBytes,12.2,Mbits/sec
-,-,-,-,-,-,-,-,-,-,-,-,-,-,-,-,-,-,-,-,-,-,-,-,-
[,ID],Interval,Transfer,Bitrate
[,5],0.00-120.36,sec,143,MBytes,9.97,Mbits/sec,receiver
