-----------------------------------------------------------
Server,listening,on,5201
-----------------------------------------------------------
Accepted,connection,from,"10.45.0.14,",port,48702
[,5],local,10.45.0.1,port,5201,connected,to,10.45.0.14,port,48704
[,ID],Interval,Transfer,Bitrate
[,5],0.00-1.00,sec,353,KBytes,2.89,Mbits/sec
[,5],1.00-2.00,sec,478,KBytes,3.91,Mbits/sec
[,5],2.00-3.00,sec,487,KBytes,3.99,Mbits/sec
[,5],3.00-4.00,sec,480,KBytes,3.94,Mbits/sec
[,5],4.00-5.00,sec,487,KBytes,3.99,Mbits/sec
[,5],5.00-6.00,sec,517,KBytes,4.24,Mbits/sec
[,5],6.00-7.00,sec,500,KBytes,4.10,Mbits/sec
[,5],7.00-8.00,sec,527,KBytes,4.31,Mbits/sec
[,5],8.00-9.00,sec,507,KBytes,4.15,Mbits/sec
[,5],9.00-10.00,sec,458,KBytes,3.75,Mbits/sec
[,5],10.00-11.00,sec,340,KBytes,2.78,Mbits/sec
[,5],11.00-12.00,sec,442,KBytes,3.62,Mbits/sec
[,5],12.00-13.00,sec,478,KBytes,3.91,Mbits/sec
[,5],13.00-14.00,sec,473,KBytes,3.87,Mbits/sec
[,5],14.00-15.00,sec,436,KBytes,3.57,Mbits/sec
[,5],15.00-16.00,sec,440,KBytes,3.60,Mbits/sec
[,5],16.00-17.00,sec,455,KBytes,3.73,Mbits/sec
[,5],17.00-18.00,sec,463,KBytes,3.80,Mbits/sec
[,5],18.00-19.00,sec,519,KBytes,4.25,Mbits/sec
[,5],19.00-20.00,sec,517,KBytes,4.24,Mbits/sec
[,5],20.00-21.00,sec,512,KBytes,4.19,Mbits/sec
[,5],21.00-22.00,sec,507,KBytes,4.15,Mbits/sec
[,5],22.00-23.00,sec,549,KBytes,4.50,Mbits/sec
[,5],23.00-24.00,sec,506,KBytes,4.14,Mbits/sec
[,5],24.00-25.00,sec,487,KBytes,3.99,Mbits/sec
[,5],25.00-26.00,sec,487,KBytes,3.99,Mbits/sec
[,5],26.00-27.00,sec,486,KBytes,3.98,Mbits/sec
[,5],27.00-28.00,sec,488,KBytes,4.00,Mbits/sec
[,5],28.00-29.00,sec,503,KBytes,4.12,Mbits/sec
[,5],29.00-30.00,sec,474,KBytes,3.88,Mbits/sec
[,5],30.00-31.00,sec,469,KBytes,3.84,Mbits/sec
[,5],31.00-32.00,sec,532,KBytes,4.36,Mbits/sec
[,5],32.00-33.00,sec,491,KBytes,4.02,Mbits/sec
[,5],33.00-34.00,sec,511,KBytes,4.18,Mbits/sec
[,5],34.00-35.00,sec,520,KBytes,4.26,Mbits/sec
[,5],35.00-36.00,sec,548,KBytes,4.49,Mbits/sec
[,5],36.00-37.00,sec,538,KBytes,4.41,Mbits/sec
[,5],37.00-38.00,sec,463,KBytes,3.80,Mbits/sec
[,5],38.00-39.00,sec,458,KBytes,3.75,Mbits/sec
[,5],39.00-40.00,sec,471,KBytes,3.86,Mbits/sec
[,5],40.00-41.00,sec,452,KBytes,3.70,Mbits/sec
[,5],41.00-42.00,sec,446,KBytes,3.66,Mbits/sec
[,5],42.00-43.00,sec,482,KBytes,3.95,Mbits/sec
[,5],43.00-44.00,sec,455,KBytes,3.73,Mbits/sec
[,5],44.00-45.00,sec,488,KBytes,4.00,Mbits/sec
[,5],45.00-46.00,sec,421,KBytes,3.45,Mbits/sec
[,5],46.00-47.00,sec,471,KBytes,3.86,Mbits/sec
[,5],47.00-48.00,sec,463,KBytes,3.80,Mbits/sec
[,5],48.00-49.00,sec,445,KBytes,3.64,Mbits/sec
[,5],49.00-50.00,sec,419,KBytes,3.43,Mbits/sec
[,5],50.00-51.00,sec,390,KBytes,3.19,Mbits/sec
[,5],51.00-52.00,sec,415,KBytes,3.40,Mbits/sec
[,5],52.00-53.00,sec,319,KBytes,2.61,Mbits/sec
[,5],53.00-54.00,sec,444,KBytes,3.63,Mbits/sec
[,5],54.00-55.00,sec,480,KBytes,3.94,Mbits/sec
[,5],55.00-56.00,sec,455,KBytes,3.73,Mbits/sec
[,5],56.00-57.00,sec,466,KBytes,3.82,Mbits/sec
[,5],57.00-58.00,sec,490,KBytes,4.01,Mbits/sec
[,5],58.00-59.00,sec,496,KBytes,4.07,Mbits/sec
[,5],59.00-60.00,sec,412,KBytes,3.38,Mbits/sec
[,5],60.00-61.00,sec,594,KBytes,4.86,Mbits/sec
[,5],61.00-62.00,sec,657,KBytes,5.38,Mbits/sec
[,5],62.00-63.00,sec,606,KBytes,4.96,Mbits/sec
[,5],63.00-64.00,sec,559,KBytes,4.58,Mbits/sec
[,5],64.00-65.00,sec,544,KBytes,4.45,Mbits/sec
[,5],65.00-66.00,sec,519,KBytes,4.25,Mbits/sec
[,5],66.00-67.00,sec,531,KBytes,4.35,Mbits/sec
[,5],67.00-68.00,sec,512,KBytes,4.19,Mbits/sec
[,5],68.00-69.00,sec,519,KBytes,4.25,Mbits/sec
[,5],69.00-70.00,sec,558,KBytes,4.57,Mbits/sec
[,5],70.00-71.00,sec,537,KBytes,4.40,Mbits/sec
[,5],71.00-72.00,sec,548,KBytes,4.49,Mbits/sec
[,5],72.00-73.00,sec,558,KBytes,4.57,Mbits/sec
[,5],73.00-74.00,sec,531,KBytes,4.35,Mbits/sec
[,5],74.00-75.00,sec,527,KBytes,4.31,Mbits/sec
[,5],75.00-76.00,sec,512,KBytes,4.19,Mbits/sec
[,5],76.00-77.00,sec,503,KBytes,4.12,Mbits/sec
[,5],77.00-78.00,sec,454,KBytes,3.72,Mbits/sec
[,5],78.00-79.00,sec,428,KBytes,3.50,Mbits/sec
[,5],79.00-80.00,sec,419,KBytes,3.43,Mbits/sec
[,5],80.00-81.00,sec,486,KBytes,3.98,Mbits/sec
[,5],81.00-82.00,sec,470,KBytes,3.85,Mbits/sec
[,5],82.00-83.00,sec,441,KBytes,3.61,Mbits/sec
[,5],83.00-84.00,sec,419,KBytes,3.43,Mbits/sec
[,5],84.00-85.00,sec,402,KBytes,3.29,Mbits/sec
[,5],85.00-86.00,sec,320,KBytes,2.62,Mbits/sec
[,5],86.00-87.00,sec,405,KBytes,3.32,Mbits/sec
[,5],87.00-88.00,sec,395,KBytes,3.24,Mbits/sec
[,5],88.00-89.00,sec,342,KBytes,2.80,Mbits/sec
[,5],89.00-90.00,sec,384,KBytes,3.15,Mbits/sec
[,5],90.00-91.00,sec,388,KBytes,3.18,Mbits/sec
[,5],91.00-92.00,sec,421,KBytes,3.45,Mbits/sec
[,5],92.00-93.00,sec,603,KBytes,4.94,Mbits/sec
[,5],93.00-94.00,sec,366,KBytes,3.00,Mbits/sec
[,5],94.00-95.00,sec,369,KBytes,3.02,Mbits/sec
[,5],95.00-96.00,sec,533,KBytes,4.37,Mbits/sec
[,5],96.00-97.00,sec,477,KBytes,3.90,Mbits/sec
[,5],97.00-98.00,sec,533,KBytes,4.37,Mbits/sec
[,5],98.00-99.00,sec,525,KBytes,4.30,Mbits/sec
[,5],99.00-100.00,sec,590,KBytes,4.83,Mbits/sec
[,5],100.00-101.00,sec,570,KBytes,4.67,Mbits/sec
[,5],101.00-102.00,sec,474,KBytes,3.88,Mbits/sec
[,5],102.00-103.00,sec,633,KBytes,5.19,Mbits/sec
[,5],103.00-104.00,sec,577,KBytes,4.72,Mbits/sec
[,5],104.00-105.00,sec,570,KBytes,4.67,Mbits/sec
[,5],105.00-106.00,sec,534,KBytes,4.38,Mbits/sec
[,5],106.00-107.00,sec,532,KBytes,4.36,Mbits/sec
[,5],107.00-108.00,sec,531,KBytes,4.35,Mbits/sec
[,5],108.00-109.00,sec,461,KBytes,3.77,Mbits/sec
[,5],109.00-110.00,sec,463,KBytes,3.80,Mbits/sec
[,5],110.00-111.00,sec,427,KBytes,3.49,Mbits/sec
[,5],111.00-112.00,sec,424,KBytes,3.47,Mbits/sec
[,5],112.00-113.00,sec,392,KBytes,3.21,Mbits/sec
[,5],113.00-114.00,sec,390,KBytes,3.19,Mbits/sec
[,5],114.00-115.00,sec,407,KBytes,3.33,Mbits/sec
[,5],115.00-116.00,sec,366,KBytes,3.00,Mbits/sec
[,5],116.00-117.00,sec,358,KBytes,2.93,Mbits/sec
[,5],117.00-118.00,sec,358,KBytes,2.93,Mbits/sec
[,5],118.00-119.00,sec,321,KBytes,2.63,Mbits/sec
[,5],119.00-120.00,sec,444,KBytes,3.63,Mbits/sec
[,5],120.00-121.00,sec,445,KBytes,3.65,Mbits/sec
-,-,-,-,-,-,-,-,-,-,-,-,-,-,-,-,-,-,-,-,-,-,-,-,-
[,ID],Interval,Transfer,Bitrate
[,5],0.00-121.00,sec,56.1,MBytes,3.89,Mbits/sec,receiver
