-----------------------------------------------------------
Server,listening,on,5201
-----------------------------------------------------------
Accepted,connection,from,"10.45.0.14,",port,46958
[,5],local,10.45.0.1,port,5201,connected,to,10.45.0.14,port,46960
[,ID],Interval,Transfer,Bitrate
[,5],0.00-1.00,sec,710,KBytes,5.81,Mbits/sec
[,5],1.00-2.00,sec,749,KBytes,6.14,Mbits/sec
[,5],2.00-3.00,sec,652,KBytes,5.34,Mbits/sec
[,5],3.00-4.00,sec,748,KBytes,6.13,Mbits/sec
[,5],4.00-5.00,sec,773,KBytes,6.33,Mbits/sec
[,5],5.00-6.00,sec,858,KBytes,7.03,Mbits/sec
[,5],6.00-7.00,sec,816,KBytes,6.69,Mbits/sec
[,5],7.00-8.00,sec,949,KBytes,7.78,Mbits/sec
[,5],8.00-9.00,sec,1.01,MBytes,8.48,Mbits/sec
[,5],9.00-10.00,sec,1010,KBytes,8.27,Mbits/sec
[,5],10.00-11.00,sec,1.00,MBytes,8.40,Mbits/sec
[,5],11.00-12.00,sec,1.04,MBytes,8.74,Mbits/sec
[,5],12.00-13.00,sec,1.01,MBytes,8.43,Mbits/sec
[,5],13.00-14.00,sec,1.02,MBytes,8.53,Mbits/sec
[,5],14.00-15.00,sec,1.01,MBytes,8.45,Mbits/sec
[,5],15.00-16.00,sec,1.00,MBytes,8.41,Mbits/sec
[,5],16.00-17.00,sec,998,KBytes,8.17,Mbits/sec
[,5],17.00-18.00,sec,1000,KBytes,8.20,Mbits/sec
[,5],18.00-19.00,sec,1.02,MBytes,8.52,Mbits/sec
[,5],19.00-20.00,sec,1.05,MBytes,8.83,Mbits/sec
[,5],20.00-21.00,sec,1022,KBytes,8.37,Mbits/sec
[,5],21.00-22.00,sec,999,KBytes,8.19,Mbits/sec
[,5],22.00-23.00,sec,1010,KBytes,8.27,Mbits/sec
[,5],23.00-24.00,sec,731,KBytes,5.99,Mbits/sec
[,5],24.00-25.00,sec,606,KBytes,4.96,Mbits/sec
[,5],25.00-26.00,sec,1000,KBytes,8.20,Mbits/sec
[,5],26.00-27.00,sec,994,KBytes,8.14,Mbits/sec
[,5],27.00-28.00,sec,931,KBytes,7.62,Mbits/sec
[,5],28.00-29.00,sec,927,KBytes,7.59,Mbits/sec
[,5],29.00-30.00,sec,979,KBytes,8.02,Mbits/sec
[,5],30.00-31.00,sec,973,KBytes,7.97,Mbits/sec
[,5],31.00-32.00,sec,803,KBytes,6.58,Mbits/sec
[,5],32.00-33.00,sec,725,KBytes,5.94,Mbits/sec
[,5],33.00-34.00,sec,611,KBytes,5.00,Mbits/sec
[,5],34.00-35.00,sec,727,KBytes,5.95,Mbits/sec
[,5],35.00-36.00,sec,716,KBytes,5.87,Mbits/sec
[,5],36.00-37.00,sec,569,KBytes,4.66,Mbits/sec
[,5],37.00-38.00,sec,531,KBytes,4.35,Mbits/sec
[,5],38.00-39.00,sec,940,KBytes,7.70,Mbits/sec
[,5],39.00-40.00,sec,557,KBytes,4.56,Mbits/sec
[,5],40.00-41.00,sec,736,KBytes,6.03,Mbits/sec
[,5],41.00-42.00,sec,631,KBytes,5.17,Mbits/sec
[,5],42.00-43.00,sec,253,KBytes,2.07,Mbits/sec
[,5],43.00-44.00,sec,215,KBytes,1.76,Mbits/sec
[,5],44.00-45.00,sec,308,KBytes,2.52,Mbits/sec
[,5],45.00-46.00,sec,581,KBytes,4.76,Mbits/sec
[,5],46.00-47.00,sec,450,KBytes,3.69,Mbits/sec
[,5],47.00-48.00,sec,744,KBytes,6.09,Mbits/sec
[,5],48.00-49.00,sec,682,KBytes,5.59,Mbits/sec
[,5],49.00-50.00,sec,686,KBytes,5.62,Mbits/sec
[,5],50.00-51.00,sec,612,KBytes,5.01,Mbits/sec
[,5],51.00-52.00,sec,463,KBytes,3.80,Mbits/sec
[,5],52.00-53.00,sec,931,KBytes,7.62,Mbits/sec
[,5],53.00-54.00,sec,800,KBytes,6.56,Mbits/sec
[,5],54.00-55.00,sec,925,KBytes,7.58,Mbits/sec
[,5],55.00-56.00,sec,1.03,MBytes,8.63,Mbits/sec
[,5],56.00-57.00,sec,912,KBytes,7.47,Mbits/sec
[,5],57.00-58.00,sec,850,KBytes,6.97,Mbits/sec
[,5],58.00-59.00,sec,870,KBytes,7.13,Mbits/sec
[,5],59.00-60.00,sec,920,KBytes,7.54,Mbits/sec
[,5],60.00-61.00,sec,936,KBytes,7.67,Mbits/sec
[,5],61.00-62.00,sec,950,KBytes,7.79,Mbits/sec
[,5],62.00-63.00,sec,956,KBytes,7.83,Mbits/sec
[,5],63.00-64.00,sec,923,KBytes,7.56,Mbits/sec
[,5],64.00-65.00,sec,915,KBytes,7.49,Mbits/sec
[,5],65.00-66.00,sec,935,KBytes,7.66,Mbits/sec
[,5],66.00-67.00,sec,952,KBytes,7.80,Mbits/sec
[,5],67.00-68.00,sec,946,KBytes,7.75,Mbits/sec
[,5],68.00-69.00,sec,957,KBytes,7.84,Mbits/sec
[,5],69.00-70.00,sec,931,KBytes,7.62,Mbits/sec
[,5],70.00-71.00,sec,853,KBytes,6.99,Mbits/sec
[,5],71.00-72.00,sec,953,KBytes,7.81,Mbits/sec
[,5],72.00-73.00,sec,960,KBytes,7.86,Mbits/sec
[,5],73.00-74.00,sec,943,KBytes,7.72,Mbits/sec
[,5],74.00-75.00,sec,889,KBytes,7.28,Mbits/sec
[,5],75.00-76.00,sec,882,KBytes,7.23,Mbits/sec
[,5],76.00-77.00,sec,868,KBytes,7.11,Mbits/sec
[,5],77.00-78.00,sec,795,KBytes,6.51,Mbits/sec
[,5],78.00-79.00,sec,837,KBytes,6.86,Mbits/sec
[,5],79.00-80.00,sec,810,KBytes,6.63,Mbits/sec
[,5],80.00-81.00,sec,841,KBytes,6.89,Mbits/sec
[,5],81.00-82.00,sec,824,KBytes,6.75,Mbits/sec
[,5],82.00-83.00,sec,827,KBytes,6.77,Mbits/sec
[,5],83.00-84.00,sec,856,KBytes,7.01,Mbits/sec
[,5],84.00-85.00,sec,824,KBytes,6.75,Mbits/sec
[,5],85.00-86.00,sec,835,KBytes,6.84,Mbits/sec
[,5],86.00-87.00,sec,875,KBytes,7.17,Mbits/sec
[,5],87.00-88.00,sec,729,KBytes,5.97,Mbits/sec
[,5],88.00-89.00,sec,812,KBytes,6.65,Mbits/sec
[,5],89.00-90.00,sec,758,KBytes,6.21,Mbits/sec
[,5],90.00-91.00,sec,946,KBytes,7.75,Mbits/sec
[,5],91.00-92.00,sec,915,KBytes,7.49,Mbits/sec
[,5],92.00-93.00,sec,800,KBytes,6.56,Mbits/sec
[,5],93.00-94.00,sec,717,KBytes,5.88,Mbits/sec
[,5],94.00-95.00,sec,910,KBytes,7.45,Mbits/sec
[,5],95.00-96.00,sec,941,KBytes,7.71,Mbits/sec
[,5],96.00-97.00,sec,841,KBytes,6.89,Mbits/sec
[,5],97.00-98.00,sec,724,KBytes,5.93,Mbits/sec
[,5],98.00-99.00,sec,928,KBytes,7.60,Mbits/sec
[,5],99.00-100.00,sec,916,KBytes,7.51,Mbits/sec
[,5],100.00-101.00,sec,831,KBytes,6.80,Mbits/sec
[,5],101.00-102.00,sec,575,KBytes,4.71,Mbits/sec
[,5],102.00-103.00,sec,619,KBytes,5.07,Mbits/sec
[,5],103.00-104.00,sec,650,KBytes,5.33,Mbits/sec
[,5],104.00-105.00,sec,619,KBytes,5.07,Mbits/sec
[,5],105.00-106.00,sec,736,KBytes,6.03,Mbits/sec
[,5],106.00-107.00,sec,1.02,MBytes,8.54,Mbits/sec
[,5],107.00-108.00,sec,868,KBytes,7.11,Mbits/sec
[,5],108.00-109.00,sec,681,KBytes,5.58,Mbits/sec
[,5],109.00-110.00,sec,864,KBytes,7.07,Mbits/sec
[,5],110.00-111.00,sec,954,KBytes,7.82,Mbits/sec
[,5],111.00-112.00,sec,949,KBytes,7.78,Mbits/sec
[,5],112.00-113.00,sec,845,KBytes,6.92,Mbits/sec
[,5],113.00-114.00,sec,910,KBytes,7.45,Mbits/sec
[,5],114.00-115.00,sec,812,KBytes,6.65,Mbits/sec
[,5],115.00-116.00,sec,670,KBytes,5.49,Mbits/sec
[,5],116.00-117.00,sec,898,KBytes,7.35,Mbits/sec
[,5],117.00-118.00,sec,968,KBytes,7.93,Mbits/sec
[,5],118.00-119.00,sec,933,KBytes,7.65,Mbits/sec
[,5],119.00-120.00,sec,907,KBytes,7.43,Mbits/sec
[,5],120.00-120.56,sec,479,KBytes,7.07,Mbits/sec
-,-,-,-,-,-,-,-,-,-,-,-,-,-,-,-,-,-,-,-,-,-,-,-,-
[,ID],Interval,Transfer,Bitrate
[,5],0.00-120.56,sec,98.1,MBytes,6.82,Mbits/sec,receiver
