-----------------------------------------------------------
Server,listening,on,5201
-----------------------------------------------------------
Accepted,connection,from,"10.45.0.14,",port,47648
[,5],local,10.45.0.1,port,5201,connected,to,10.45.0.14,port,47650
[,ID],Interval,Transfer,Bitrate
[,5],0.00-1.00,sec,459,KBytes,3.76,Mbits/sec
[,5],1.00-2.00,sec,704,KBytes,5.77,Mbits/sec
[,5],2.00-3.00,sec,484,KBytes,3.97,Mbits/sec
[,5],3.00-4.00,sec,573,KBytes,4.69,Mbits/sec
[,5],4.00-5.00,sec,658,KBytes,5.39,Mbits/sec
[,5],5.00-6.00,sec,756,KBytes,6.19,Mbits/sec
[,5],6.00-7.00,sec,457,KBytes,3.74,Mbits/sec
[,5],7.00-8.00,sec,450,KBytes,3.69,Mbits/sec
[,5],8.00-9.00,sec,842,KBytes,6.90,Mbits/sec
[,5],9.00-10.00,sec,703,KBytes,5.76,Mbits/sec
[,5],10.00-11.00,sec,394,KBytes,3.22,Mbits/sec
[,5],11.00-12.00,sec,402,KBytes,3.29,Mbits/sec
[,5],12.00-13.00,sec,720,KBytes,5.90,Mbits/sec
[,5],13.00-14.00,sec,686,KBytes,5.62,Mbits/sec
[,5],14.00-15.00,sec,841,KBytes,6.89,Mbits/sec
[,5],15.00-16.00,sec,927,KBytes,7.59,Mbits/sec
[,5],16.00-17.00,sec,678,KBytes,5.55,Mbits/sec
[,5],17.00-18.00,sec,1.01,MBytes,8.46,Mbits/sec
[,5],18.00-19.00,sec,649,KBytes,5.32,Mbits/sec
[,5],19.00-20.00,sec,707,KBytes,5.79,Mbits/sec
[,5],20.00-21.00,sec,570,KBytes,4.67,Mbits/sec
[,5],21.00-22.00,sec,552,KBytes,4.52,Mbits/sec
[,5],22.00-23.00,sec,736,KBytes,6.03,Mbits/sec
[,5],23.00-24.00,sec,737,KBytes,6.04,Mbits/sec
[,5],24.00-25.00,sec,654,KBytes,5.36,Mbits/sec
[,5],25.00-26.00,sec,578,KBytes,4.73,Mbits/sec
[,5],26.00-27.00,sec,758,KBytes,6.21,Mbits/sec
[,5],27.00-28.00,sec,708,KBytes,5.80,Mbits/sec
[,5],28.00-29.00,sec,519,KBytes,4.25,Mbits/sec
[,5],29.00-30.00,sec,570,KBytes,4.67,Mbits/sec
[,5],30.00-31.00,sec,399,KBytes,3.27,Mbits/sec
[,5],31.00-32.00,sec,282,KBytes,2.31,Mbits/sec
[,5],32.00-33.00,sec,528,KBytes,4.32,Mbits/sec
[,5],33.00-34.00,sec,699,KBytes,5.73,Mbits/sec
[,5],34.00-35.00,sec,875,KBytes,7.17,Mbits/sec
[,5],35.00-36.00,sec,914,KBytes,7.48,Mbits/sec
[,5],36.00-37.00,sec,974,KBytes,7.98,Mbits/sec
[,5],37.00-38.00,sec,995,KBytes,8.15,Mbits/sec
[,5],38.00-39.00,sec,1.01,MBytes,8.45,Mbits/sec
[,5],39.00-40.00,sec,1.04,MBytes,8.75,Mbits/sec
[,5],40.00-41.00,sec,1.01,MBytes,8.47,Mbits/sec
[,5],41.00-42.00,sec,1.02,MBytes,8.59,Mbits/sec
[,5],42.00-43.00,sec,1.05,MBytes,8.78,Mbits/sec
[,5],43.00-44.00,sec,1023,KBytes,8.38,Mbits/sec
[,5],44.00-45.00,sec,1.02,MBytes,8.52,Mbits/sec
[,5],45.00-46.00,sec,1015,KBytes,8.31,Mbits/sec
[,5],46.00-47.00,sec,1.03,MBytes,8.62,Mbits/sec
[,5],47.00-48.00,sec,1.02,MBytes,8.56,Mbits/sec
[,5],48.00-49.00,sec,1020,KBytes,8.36,Mbits/sec
[,5],49.00-50.00,sec,1023,KBytes,8.38,Mbits/sec
[,5],50.00-51.00,sec,1015,KBytes,8.31,Mbits/sec
[,5],51.00-52.00,sec,1.01,MBytes,8.50,Mbits/sec
[,5],52.00-53.00,sec,1.03,MBytes,8.65,Mbits/sec
[,5],53.00-54.00,sec,1.04,MBytes,8.74,Mbits/sec
[,5],54.00-55.00,sec,1.04,MBytes,8.71,Mbits/sec
[,5],55.00-56.00,sec,990,KBytes,8.11,Mbits/sec
[,5],56.00-57.00,sec,1018,KBytes,8.34,Mbits/sec
[,5],57.00-58.00,sec,1.04,MBytes,8.70,Mbits/sec
[,5],58.00-59.00,sec,1.06,MBytes,8.93,Mbits/sec
[,5],59.00-60.00,sec,1.09,MBytes,9.12,Mbits/sec
[,5],60.00-61.00,sec,1.06,MBytes,8.93,Mbits/sec
[,5],61.00-62.00,sec,1.03,MBytes,8.67,Mbits/sec
[,5],62.00-63.00,sec,1.01,MBytes,8.48,Mbits/sec
[,5],63.00-64.00,sec,1.02,MBytes,8.55,Mbits/sec
[,5],64.00-65.00,sec,1.07,MBytes,8.98,Mbits/sec
[,5],65.00-66.00,sec,1.10,MBytes,9.22,Mbits/sec
[,5],66.00-67.00,sec,1.04,MBytes,8.70,Mbits/sec
[,5],67.00-68.00,sec,1.07,MBytes,9.02,Mbits/sec
[,5],68.00-69.00,sec,1.08,MBytes,9.08,Mbits/sec
[,5],69.00-70.00,sec,983,KBytes,8.06,Mbits/sec
[,5],70.00-71.00,sec,898,KBytes,7.35,Mbits/sec
[,5],71.00-72.00,sec,948,KBytes,7.76,Mbits/sec
[,5],72.00-73.00,sec,890,KBytes,7.29,Mbits/sec
[,5],73.00-74.00,sec,977,KBytes,8.00,Mbits/sec
[,5],74.00-75.00,sec,1023,KBytes,8.38,Mbits/sec
[,5],75.00-76.00,sec,1.01,MBytes,8.43,Mbits/sec
[,5],76.00-77.00,sec,1.03,MBytes,8.66,Mbits/sec
[,5],77.00-78.00,sec,1.01,MBytes,8.49,Mbits/sec
[,5],78.00-79.00,sec,1014,KBytes,8.30,Mbits/sec
[,5],79.00-80.00,sec,1.00,MBytes,8.41,Mbits/sec
[,5],80.00-81.00,sec,1.01,MBytes,8.43,Mbits/sec
[,5],81.00-82.00,sec,1.02,MBytes,8.59,Mbits/sec
[,5],82.00-83.00,sec,986,KBytes,8.08,Mbits/sec
[,5],83.00-84.00,sec,987,KBytes,8.09,Mbits/sec
[,5],84.00-85.00,sec,1016,KBytes,8.33,Mbits/sec
[,5],85.00-86.00,sec,1.02,MBytes,8.58,Mbits/sec
[,5],86.00-87.00,sec,994,KBytes,8.14,Mbits/sec
[,5],87.00-88.00,sec,1.01,MBytes,8.51,Mbits/sec
[,5],88.00-89.00,sec,989,KBytes,8.10,Mbits/sec
[,5],89.00-90.00,sec,1.02,MBytes,8.55,Mbits/sec
[,5],90.00-91.00,sec,1019,KBytes,8.35,Mbits/sec
[,5],91.00-92.00,sec,966,KBytes,7.92,Mbits/sec
[,5],92.00-93.00,sec,965,KBytes,7.90,Mbits/sec
[,5],93.00-94.00,sec,989,KBytes,8.10,Mbits/sec
[,5],94.00-95.00,sec,1.01,MBytes,8.43,Mbits/sec
[,5],95.00-96.00,sec,977,KBytes,8.00,Mbits/sec
[,5],96.00-97.00,sec,978,KBytes,8.01,Mbits/sec
[,5],97.00-98.00,sec,991,KBytes,8.12,Mbits/sec
[,5],98.00-99.00,sec,966,KBytes,7.92,Mbits/sec
[,5],99.00-100.00,sec,982,KBytes,8.04,Mbits/sec
[,5],100.00-101.00,sec,921,KBytes,7.55,Mbits/sec
[,5],101.00-102.00,sec,954,KBytes,7.82,Mbits/sec
[,5],102.00-103.00,sec,928,KBytes,7.60,Mbits/sec
[,5],103.00-104.00,sec,949,KBytes,7.78,Mbits/sec
[,5],104.00-105.00,sec,970,KBytes,7.95,Mbits/sec
[,5],105.00-106.00,sec,958,KBytes,7.85,Mbits/sec
[,5],106.00-107.00,sec,969,KBytes,7.94,Mbits/sec
[,5],107.00-108.00,sec,1022,KBytes,8.37,Mbits/sec
[,5],108.00-109.00,sec,999,KBytes,8.18,Mbits/sec
[,5],109.00-110.00,sec,985,KBytes,8.07,Mbits/sec
[,5],110.00-111.00,sec,970,KBytes,7.95,Mbits/sec
[,5],111.00-112.00,sec,974,KBytes,7.98,Mbits/sec
[,5],112.00-113.00,sec,933,KBytes,7.65,Mbits/sec
[,5],113.00-114.00,sec,850,KBytes,6.97,Mbits/sec
[,5],114.00-115.00,sec,891,KBytes,7.30,Mbits/sec
[,5],115.00-116.00,sec,937,KBytes,7.68,Mbits/sec
[,5],116.00-117.00,sec,977,KBytes,8.00,Mbits/sec
[,5],117.00-118.00,sec,981,KBytes,8.03,Mbits/sec
[,5],118.00-119.00,sec,962,KBytes,7.88,Mbits/sec
[,5],119.00-120.00,sec,1010,KBytes,8.27,Mbits/sec
[,5],120.00-120.44,sec,450,KBytes,8.30,Mbits/sec
-,-,-,-,-,-,-,-,-,-,-,-,-,-,-,-,-,-,-,-,-,-,-,-,-
[,ID],Interval,Transfer,Bitrate
[,5],0.00-120.44,sec,106,MBytes,7.37,Mbits/sec,receiver
