-----------------------------------------------------------
Server,listening,on,5201
-----------------------------------------------------------
Accepted,connection,from,"10.45.0.14,",port,44248
[,5],local,10.45.0.1,port,5201,connected,to,10.45.0.14,port,44250
[,ID],Interval,Transfer,Bitrate
[,5],0.00-1.00,sec,1.90,MBytes,15.9,Mbits/sec
[,5],1.00-2.00,sec,2.14,MBytes,17.9,Mbits/sec
[,5],2.00-3.00,sec,2.14,MBytes,18.0,Mbits/sec
[,5],3.00-4.00,sec,2.14,MBytes,17.9,Mbits/sec
[,5],4.00-5.00,sec,2.14,MBytes,17.9,Mbits/sec
[,5],5.00-6.00,sec,2.14,MBytes,17.9,Mbits/sec
[,5],6.00-7.00,sec,2.14,MBytes,17.9,Mbits/sec
[,5],7.00-8.00,sec,2.14,MBytes,18.0,Mbits/sec
[,5],8.00-9.00,sec,2.14,MBytes,17.9,Mbits/sec
[,5],9.00-10.00,sec,2.14,MBytes,18.0,Mbits/sec
[,5],10.00-11.00,sec,2.08,MBytes,17.5,Mbits/sec
[,5],11.00-12.00,sec,1.70,MBytes,14.3,Mbits/sec
[,5],12.00-13.00,sec,1.73,MBytes,14.5,Mbits/sec
[,5],13.00-14.00,sec,2.08,MBytes,17.4,Mbits/sec
[,5],14.00-15.00,sec,2.14,MBytes,17.9,Mbits/sec
[,5],15.00-16.00,sec,2.10,MBytes,17.7,Mbits/sec
[,5],16.00-17.00,sec,1.97,MBytes,16.5,Mbits/sec
[,5],17.00-18.00,sec,1.85,MBytes,15.5,Mbits/sec
[,5],18.00-19.00,sec,1.16,MBytes,9.72,Mbits/sec
[,5],19.00-20.00,sec,1.39,MBytes,11.6,Mbits/sec
[,5],20.00-21.00,sec,1.84,MBytes,15.5,Mbits/sec
[,5],21.00-22.00,sec,1.32,MBytes,11.1,Mbits/sec
[,5],22.00-23.00,sec,960,KBytes,7.86,Mbits/sec
[,5],23.00-24.00,sec,732,KBytes,6.00,Mbits/sec
[,5],24.00-25.00,sec,858,KBytes,7.03,Mbits/sec
[,5],25.00-26.00,sec,1.17,MBytes,9.79,Mbits/sec
[,5],26.00-27.00,sec,974,KBytes,7.98,Mbits/sec
[,5],27.00-28.00,sec,1.26,MBytes,10.6,Mbits/sec
[,5],28.00-29.00,sec,1.60,MBytes,13.4,Mbits/sec
[,5],29.00-30.00,sec,1.98,MBytes,16.6,Mbits/sec
[,5],30.00-31.00,sec,2.11,MBytes,17.7,Mbits/sec
[,5],31.00-32.00,sec,1.97,MBytes,16.6,Mbits/sec
[,5],32.00-33.00,sec,2.00,MBytes,16.8,Mbits/sec
[,5],33.00-34.00,sec,1.96,MBytes,16.5,Mbits/sec
[,5],34.00-35.00,sec,2.12,MBytes,17.7,Mbits/sec
[,5],35.00-36.00,sec,2.12,MBytes,17.8,Mbits/sec
[,5],36.00-37.00,sec,2.13,MBytes,17.9,Mbits/sec
[,5],37.00-38.00,sec,2.09,MBytes,17.5,Mbits/sec
[,5],38.00-39.00,sec,2.11,MBytes,17.7,Mbits/sec
[,5],39.00-40.00,sec,2.09,MBytes,17.5,Mbits/sec
[,5],40.00-41.00,sec,1.70,MBytes,14.2,Mbits/sec
[,5],41.00-42.00,sec,1.52,MBytes,12.8,Mbits/sec
[,5],42.00-43.00,sec,1.93,MBytes,16.2,Mbits/sec
[,5],43.00-44.00,sec,1.53,MBytes,12.8,Mbits/sec
[,5],44.00-45.00,sec,1.86,MBytes,15.6,Mbits/sec
[,5],45.00-46.00,sec,1.95,MBytes,16.3,Mbits/sec
[,5],46.00-47.00,sec,1.90,MBytes,15.9,Mbits/sec
[,5],47.00-48.00,sec,1.99,MBytes,16.7,Mbits/sec
[,5],48.00-49.00,sec,1.89,MBytes,15.9,Mbits/sec
[,5],49.00-50.00,sec,2.07,MBytes,17.4,Mbits/sec
[,5],50.00-51.00,sec,1.58,MBytes,13.3,Mbits/sec
[,5],51.00-52.00,sec,1.34,MBytes,11.2,Mbits/sec
[,5],52.00-53.00,sec,1.61,MBytes,13.5,Mbits/sec
[,5],53.00-54.00,sec,1.89,MBytes,15.8,Mbits/sec
[,5],54.00-55.00,sec,1.52,MBytes,12.8,Mbits/sec
[,5],55.00-56.00,sec,1.36,MBytes,11.4,Mbits/sec
[,5],56.00-57.00,sec,1.46,MBytes,12.2,Mbits/sec
[,5],57.00-58.00,sec,1.51,MBytes,12.7,Mbits/sec
[,5],58.00-59.00,sec,1.42,MBytes,11.9,Mbits/sec
[,5],59.00-60.00,sec,1.50,MBytes,12.6,Mbits/sec
[,5],60.00-61.00,sec,1.47,MBytes,12.3,Mbits/sec
[,5],61.00-62.00,sec,1.52,MBytes,12.8,Mbits/sec
[,5],62.00-63.00,sec,1.42,MBytes,11.9,Mbits/sec
[,5],63.00-64.00,sec,1.71,MBytes,14.4,Mbits/sec
[,5],64.00-65.00,sec,1.81,MBytes,15.2,Mbits/sec
[,5],65.00-66.00,sec,1.97,MBytes,16.6,Mbits/sec
[,5],66.00-67.00,sec,2.11,MBytes,17.7,Mbits/sec
[,5],67.00-68.00,sec,2.05,MBytes,17.2,Mbits/sec
[,5],68.00-69.00,sec,1.73,MBytes,14.5,Mbits/sec
[,5],69.00-70.00,sec,1.86,MBytes,15.6,Mbits/sec
[,5],70.00-71.00,sec,1.64,MBytes,13.8,Mbits/sec
[,5],71.00-72.00,sec,1.65,MBytes,13.8,Mbits/sec
[,5],72.00-73.00,sec,1.64,MBytes,13.7,Mbits/sec
[,5],73.00-74.00,sec,1.51,MBytes,12.6,Mbits/sec
[,5],74.00-75.00,sec,1.61,MBytes,13.5,Mbits/sec
[,5],75.00-76.00,sec,1.46,MBytes,12.3,Mbits/sec
[,5],76.00-77.00,sec,1.71,MBytes,14.3,Mbits/sec
[,5],77.00-78.00,sec,1.21,MBytes,10.2,Mbits/sec
[,5],78.00-79.00,sec,727,KBytes,5.95,Mbits/sec
[,5],79.00-80.00,sec,653,KBytes,5.35,Mbits/sec
[,5],80.00-81.00,sec,667,KBytes,5.47,Mbits/sec
[,5],81.00-82.00,sec,1.27,MBytes,10.6,Mbits/sec
[,5],82.00-83.00,sec,1.39,MBytes,11.6,Mbits/sec
[,5],83.00-84.00,sec,997,KBytes,8.16,Mbits/sec
[,5],84.00-85.00,sec,627,KBytes,5.13,Mbits/sec
[,5],85.00-86.00,sec,798,KBytes,6.54,Mbits/sec
[,5],86.00-87.00,sec,1.20,MBytes,10.1,Mbits/sec
[,5],87.00-88.00,sec,968,KBytes,7.93,Mbits/sec
[,5],88.00-89.00,sec,720,KBytes,5.90,Mbits/sec
[,5],89.00-90.00,sec,962,KBytes,7.88,Mbits/sec
[,5],90.00-91.00,sec,1.33,MBytes,11.2,Mbits/sec
[,5],91.00-92.00,sec,1.45,MBytes,12.2,Mbits/sec
[,5],92.00-93.00,sec,1.44,MBytes,12.1,Mbits/sec
[,5],93.00-94.00,sec,1.35,MBytes,11.3,Mbits/sec
[,5],94.00-95.00,sec,1.37,MBytes,11.5,Mbits/sec
[,5],95.00-96.00,sec,1.34,MBytes,11.2,Mbits/sec
[,5],96.00-97.00,sec,1.41,MBytes,11.8,Mbits/sec
[,5],97.00-98.00,sec,1.35,MBytes,11.3,Mbits/sec
[,5],98.00-99.00,sec,1.35,MBytes,11.3,Mbits/sec
[,5],99.00-100.00,sec,1.62,MBytes,13.6,Mbits/sec
[,5],100.00-101.00,sec,1.91,MBytes,16.0,Mbits/sec
[,5],101.00-102.00,sec,1.86,MBytes,15.6,Mbits/sec
[,5],102.00-103.00,sec,1.83,MBytes,15.3,Mbits/sec
[,5],103.00-104.00,sec,1.94,MBytes,16.3,Mbits/sec
[,5],104.00-105.00,sec,1.52,MBytes,12.8,Mbits/sec
[,5],105.00-106.00,sec,1.25,MBytes,10.4,Mbits/sec
[,5],106.00-107.00,sec,1.43,MBytes,12.0,Mbits/sec
[,5],107.00-108.00,sec,1.40,MBytes,11.7,Mbits/sec
[,5],108.00-109.00,sec,1.51,MBytes,12.7,Mbits/sec
[,5],109.00-110.00,sec,1.36,MBytes,11.4,Mbits/sec
[,5],110.00-111.00,sec,841,KBytes,6.89,Mbits/sec
[,5],111.00-112.00,sec,662,KBytes,5.42,Mbits/sec
[,5],112.00-113.00,sec,495,KBytes,4.05,Mbits/sec
[,5],113.00-114.00,sec,363,KBytes,2.98,Mbits/sec
[,5],114.00-115.00,sec,549,KBytes,4.50,Mbits/sec
[,5],115.00-116.00,sec,1015,KBytes,8.31,Mbits/sec
[,5],116.00-117.00,sec,1.22,MBytes,10.3,Mbits/sec
[,5],117.00-118.00,sec,1.04,MBytes,8.72,Mbits/sec
[,5],118.00-119.00,sec,1.11,MBytes,9.29,Mbits/sec
[,5],119.00-120.00,sec,1.22,MBytes,10.2,Mbits/sec
[,5],120.00-120.40,sec,484,KBytes,9.81,Mbits/sec
-,-,-,-,-,-,-,-,-,-,-,-,-,-,-,-,-,-,-,-,-,-,-,-,-
[,ID],Interval,Transfer,Bitrate
[,5],0.00-120.40,sec,186,MBytes,13.0,Mbits/sec,receiver
