-----------------------------------------------------------
Server,listening,on,5201
-----------------------------------------------------------
Accepted,connection,from,"10.45.0.14,",port,44192
[,5],local,10.45.0.1,port,5201,connected,to,10.45.0.14,port,44194
[,ID],Interval,Transfer,Bitrate
[,5],0.00-1.00,sec,1010,KBytes,8.27,Mbits/sec
[,5],1.00-2.00,sec,1.15,MBytes,9.64,Mbits/sec
[,5],2.00-3.00,sec,1.12,MBytes,9.41,Mbits/sec
[,5],3.00-4.00,sec,1003,KBytes,8.22,Mbits/sec
[,5],4.00-5.00,sec,1.11,MBytes,9.33,Mbits/sec
[,5],5.00-6.00,sec,1.18,MBytes,9.89,Mbits/sec
[,5],6.00-7.00,sec,1.16,MBytes,9.73,Mbits/sec
[,5],7.00-8.00,sec,1.20,MBytes,10.0,Mbits/sec
[,5],8.00-9.00,sec,1.17,MBytes,9.78,Mbits/sec
[,5],9.00-10.00,sec,1.18,MBytes,9.91,Mbits/sec
[,5],10.00-11.00,sec,1.17,MBytes,9.81,Mbits/sec
[,5],11.00-12.00,sec,1.17,MBytes,9.79,Mbits/sec
[,5],12.00-13.00,sec,1.16,MBytes,9.76,Mbits/sec
[,5],13.00-14.00,sec,1.15,MBytes,9.67,Mbits/sec
[,5],14.00-15.00,sec,1.18,MBytes,9.87,Mbits/sec
[,5],15.00-16.00,sec,1.17,MBytes,9.78,Mbits/sec
[,5],16.00-17.00,sec,1.11,MBytes,9.33,Mbits/sec
[,5],17.00-18.00,sec,1.16,MBytes,9.69,Mbits/sec
[,5],18.00-19.00,sec,1.16,MBytes,9.73,Mbits/sec
[,5],19.00-20.00,sec,1.06,MBytes,8.92,Mbits/sec
[,5],20.00-21.00,sec,946,KBytes,7.75,Mbits/sec
[,5],21.00-22.00,sec,918,KBytes,7.52,Mbits/sec
[,5],22.00-23.00,sec,1.10,MBytes,9.23,Mbits/sec
[,5],23.00-24.00,sec,1.13,MBytes,9.45,Mbits/sec
[,5],24.00-25.00,sec,1000,KBytes,8.20,Mbits/sec
[,5],25.00-26.00,sec,973,KBytes,7.97,Mbits/sec
[,5],26.00-27.00,sec,990,KBytes,8.11,Mbits/sec
[,5],27.00-28.00,sec,1.13,MBytes,9.49,Mbits/sec
[,5],28.00-29.00,sec,1.06,MBytes,8.86,Mbits/sec
[,5],29.00-30.00,sec,1022,KBytes,8.37,Mbits/sec
[,5],30.00-31.00,sec,1.05,MBytes,8.81,Mbits/sec
[,5],31.00-32.00,sec,1.07,MBytes,8.98,Mbits/sec
[,5],32.00-33.00,sec,1.06,MBytes,8.86,Mbits/sec
[,5],33.00-34.00,sec,1.00,MBytes,8.41,Mbits/sec
[,5],34.00-35.00,sec,966,KBytes,7.92,Mbits/sec
[,5],35.00-36.00,sec,1.09,MBytes,9.12,Mbits/sec
[,5],36.00-37.00,sec,1.11,MBytes,9.32,Mbits/sec
[,5],37.00-38.00,sec,1.06,MBytes,8.86,Mbits/sec
[,5],38.00-39.00,sec,1.08,MBytes,9.05,Mbits/sec
[,5],39.00-40.00,sec,1.06,MBytes,8.88,Mbits/sec
[,5],40.00-41.00,sec,1.04,MBytes,8.75,Mbits/sec
[,5],41.00-42.00,sec,873,KBytes,7.15,Mbits/sec
[,5],42.00-43.00,sec,916,KBytes,7.51,Mbits/sec
[,5],43.00-44.00,sec,769,KBytes,6.30,Mbits/sec
[,5],44.00-45.00,sec,915,KBytes,7.49,Mbits/sec
[,5],45.00-46.00,sec,990,KBytes,8.11,Mbits/sec
[,5],46.00-47.00,sec,987,KBytes,8.09,Mbits/sec
[,5],47.00-48.00,sec,979,KBytes,8.02,Mbits/sec
[,5],48.00-49.00,sec,928,KBytes,7.60,Mbits/sec
[,5],49.00-50.00,sec,908,KBytes,7.44,Mbits/sec
[,5],50.00-51.00,sec,856,KBytes,7.01,Mbits/sec
[,5],51.00-52.00,sec,975,KBytes,7.99,Mbits/sec
[,5],52.00-53.00,sec,972,KBytes,7.96,Mbits/sec
[,5],53.00-54.00,sec,948,KBytes,7.76,Mbits/sec
[,5],54.00-55.00,sec,764,KBytes,6.25,Mbits/sec
[,5],55.00-56.00,sec,823,KBytes,6.74,Mbits/sec
[,5],56.00-57.00,sec,854,KBytes,7.00,Mbits/sec
[,5],57.00-58.00,sec,844,KBytes,6.91,Mbits/sec
[,5],58.00-59.00,sec,891,KBytes,7.30,Mbits/sec
[,5],59.00-60.00,sec,814,KBytes,6.66,Mbits/sec
[,5],60.00-61.00,sec,893,KBytes,7.31,Mbits/sec
[,5],61.00-62.00,sec,960,KBytes,7.86,Mbits/sec
[,5],62.00-63.00,sec,827,KBytes,6.77,Mbits/sec
[,5],63.00-64.00,sec,890,KBytes,7.29,Mbits/sec
[,5],64.00-65.00,sec,978,KBytes,8.01,Mbits/sec
[,5],65.00-66.00,sec,865,KBytes,7.09,Mbits/sec
[,5],66.00-67.00,sec,890,KBytes,7.29,Mbits/sec
[,5],67.00-68.00,sec,854,KBytes,7.00,Mbits/sec
[,5],68.00-69.00,sec,831,KBytes,6.80,Mbits/sec
[,5],69.00-70.00,sec,800,KBytes,6.56,Mbits/sec
[,5],70.00-71.00,sec,925,KBytes,7.58,Mbits/sec
[,5],71.00-72.00,sec,944,KBytes,7.73,Mbits/sec
[,5],72.00-73.00,sec,1022,KBytes,8.37,Mbits/sec
[,5],73.00-74.00,sec,1.08,MBytes,9.04,Mbits/sec
[,5],74.00-75.00,sec,1.01,MBytes,8.45,Mbits/sec
[,5],75.00-76.00,sec,1018,KBytes,8.34,Mbits/sec
[,5],76.00-77.00,sec,870,KBytes,7.13,Mbits/sec
[,5],77.00-78.00,sec,896,KBytes,7.34,Mbits/sec
[,5],78.00-79.00,sec,1011,KBytes,8.28,Mbits/sec
[,5],79.00-80.00,sec,837,KBytes,6.86,Mbits/sec
[,5],80.00-81.00,sec,894,KBytes,7.32,Mbits/sec
[,5],81.00-82.00,sec,974,KBytes,7.98,Mbits/sec
[,5],82.00-83.00,sec,886,KBytes,7.26,Mbits/sec
[,5],83.00-84.00,sec,810,KBytes,6.63,Mbits/sec
[,5],84.00-85.00,sec,848,KBytes,6.95,Mbits/sec
[,5],85.00-86.00,sec,950,KBytes,7.79,Mbits/sec
[,5],86.00-87.00,sec,849,KBytes,6.96,Mbits/sec
[,5],87.00-88.00,sec,773,KBytes,6.33,Mbits/sec
[,5],88.00-89.00,sec,781,KBytes,6.39,Mbits/sec
[,5],89.00-90.00,sec,762,KBytes,6.24,Mbits/sec
[,5],90.00-91.00,sec,833,KBytes,6.83,Mbits/sec
[,5],91.00-92.00,sec,891,KBytes,7.30,Mbits/sec
[,5],92.00-93.00,sec,678,KBytes,5.55,Mbits/sec
[,5],93.00-94.00,sec,727,KBytes,5.95,Mbits/sec
[,5],94.00-95.00,sec,674,KBytes,5.52,Mbits/sec
[,5],95.00-96.00,sec,952,KBytes,7.80,Mbits/sec
[,5],96.00-97.00,sec,761,KBytes,6.23,Mbits/sec
[,5],97.00-98.00,sec,775,KBytes,6.35,Mbits/sec
[,5],98.00-99.00,sec,785,KBytes,6.43,Mbits/sec
[,5],99.00-100.00,sec,883,KBytes,7.24,Mbits/sec
[,5],100.00-101.00,sec,893,KBytes,7.31,Mbits/sec
[,5],101.00-102.00,sec,795,KBytes,6.51,Mbits/sec
[,5],102.00-103.00,sec,702,KBytes,5.75,Mbits/sec
[,5],103.00-104.00,sec,825,KBytes,6.76,Mbits/sec
[,5],104.00-105.00,sec,1007,KBytes,8.25,Mbits/sec
[,5],105.00-106.00,sec,1.06,MBytes,8.91,Mbits/sec
[,5],106.00-107.00,sec,1006,KBytes,8.24,Mbits/sec
[,5],107.00-108.00,sec,1.01,MBytes,8.48,Mbits/sec
[,5],108.00-109.00,sec,1.12,MBytes,9.40,Mbits/sec
[,5],109.00-110.00,sec,1.12,MBytes,9.40,Mbits/sec
[,5],110.00-111.00,sec,1.11,MBytes,9.28,Mbits/sec
[,5],111.00-112.00,sec,1.10,MBytes,9.25,Mbits/sec
[,5],112.00-113.00,sec,1.09,MBytes,9.18,Mbits/sec
[,5],113.00-114.00,sec,1.14,MBytes,9.60,Mbits/sec
[,5],114.00-115.00,sec,1.11,MBytes,9.33,Mbits/sec
[,5],115.00-116.00,sec,1.17,MBytes,9.86,Mbits/sec
[,5],116.00-117.00,sec,1.08,MBytes,9.04,Mbits/sec
[,5],117.00-118.00,sec,1.05,MBytes,8.80,Mbits/sec
[,5],118.00-119.00,sec,1.06,MBytes,8.85,Mbits/sec
[,5],119.00-120.00,sec,1.03,MBytes,8.61,Mbits/sec
[,5],120.00-120.48,sec,488,KBytes,8.34,Mbits/sec
-,-,-,-,-,-,-,-,-,-,-,-,-,-,-,-,-,-,-,-,-,-,-,-,-
[,ID],Interval,Transfer,Bitrate
[,5],0.00-120.48,sec,116,MBytes,8.07,Mbits/sec,receiver
