Interval,Transfer,Bitrate,Retr,Cwnd
59260,connected,to,10.45.0.14,port
MBytes,24.0,Mbits/sec,0,175
MBytes,45.1,Mbits/sec,0,427
MBytes,47.2,Mbits/sec,0,687
MBytes,48.2,Mbits/sec,0,948
MBytes,46.1,Mbits/sec,0,1.18
MBytes,41.9,Mbits/sec,0,1.43
MBytes,41.9,Mbits/sec,0,1.68
MBytes,41.9,Mbits/sec,0,1.94
MBytes,41.9,Mbits/sec,0,2.19
MBytes,41.9,Mbits/sec,0,2.44
MBytes,43.0,Mbits/sec,0,2.52
MBytes,41.9,Mbits/sec,0,2.52
MBytes,43.0,Mbits/sec,0,2.52
MBytes,41.9,Mbits/sec,0,2.52
MBytes,43.0,Mbits/sec,0,2.52
MBytes,43.0,Mbits/sec,0,2.52
MBytes,40.9,Mbits/sec,0,2.52
MBytes,44.0,Mbits/sec,0,2.52
MBytes,40.9,Mbits/sec,0,2.52
MBytes,43.0,Mbits/sec,0,2.52
MBytes,43.0,Mbits/sec,0,2.52
MBytes,40.9,Mbits/sec,0,2.52
MBytes,44.0,Mbits/sec,0,2.52
MBytes,41.9,Mbits/sec,0,2.52
MBytes,43.0,Mbits/sec,0,2.52
MBytes,41.9,Mbits/sec,0,2.52
MBytes,41.9,Mbits/sec,0,2.52
MBytes,41.9,Mbits/sec,0,2.52
MBytes,43.0,Mbits/sec,0,2.52
MBytes,39.8,Mbits/sec,0,2.52
MBytes,41.9,Mbits/sec,0,2.52
MBytes,46.1,Mbits/sec,0,2.52
MBytes,41.9,Mbits/sec,0,2.52
MBytes,41.9,Mbits/sec,0,2.52
MBytes,43.0,Mbits/sec,0,2.52
MBytes,41.9,Mbits/sec,0,2.52
MBytes,41.9,Mbits/sec,0,2.52
MBytes,41.9,Mbits/sec,0,2.52
MBytes,43.0,Mbits/sec,0,2.52
MBytes,41.9,Mbits/sec,0,2.52
MBytes,43.0,Mbits/sec,0,2.52
MBytes,43.0,Mbits/sec,0,2.52
MBytes,40.9,Mbits/sec,0,2.52
MBytes,43.0,Mbits/sec,0,2.52
MBytes,41.9,Mbits/sec,0,2.52
MBytes,43.0,Mbits/sec,0,2.52
MBytes,43.0,Mbits/sec,0,2.52
MBytes,40.9,Mbits/sec,0,2.52
MBytes,44.0,Mbits/sec,0,2.52
MBytes,41.9,Mbits/sec,0,2.52
MBytes,43.0,Mbits/sec,0,2.52
MBytes,40.9,Mbits/sec,0,2.52
MBytes,41.9,Mbits/sec,0,2.52
MBytes,41.9,Mbits/sec,0,2.52
MBytes,43.0,Mbits/sec,0,2.52
MBytes,41.9,Mbits/sec,0,2.52
MBytes,44.0,Mbits/sec,0,2.52
MBytes,40.9,Mbits/sec,0,2.52
MBytes,43.0,Mbits/sec,0,2.52
MBytes,43.0,Mbits/sec,0,2.52
MBytes,40.9,Mbits/sec,0,2.52
MBytes,43.0,Mbits/sec,0,2.52
MBytes,41.9,Mbits/sec,0,2.52
MBytes,43.0,Mbits/sec,0,2.52
MBytes,41.9,Mbits/sec,0,2.52
MBytes,43.0,Mbits/sec,0,2.52
MBytes,43.0,Mbits/sec,0,2.52
MBytes,41.9,Mbits/sec,0,2.52
MBytes,43.0,Mbits/sec,0,2.52
MBytes,40.9,Mbits/sec,0,2.52
MBytes,43.0,Mbits/sec,0,2.52
MBytes,41.9,Mbits/sec,0,2.52
MBytes,41.9,Mbits/sec,0,2.52
MBytes,43.0,Mbits/sec,0,2.52
MBytes,41.9,Mbits/sec,0,2.52
MBytes,43.0,Mbits/sec,0,2.52
MBytes,41.9,Mbits/sec,0,2.52
MBytes,41.9,Mbits/sec,0,2.52
MBytes,43.0,Mbits/sec,0,2.52
MBytes,41.9,Mbits/sec,0,2.52
MBytes,43.0,Mbits/sec,0,2.52
MBytes,43.0,Mbits/sec,0,2.52
MBytes,41.9,Mbits/sec,0,2.52
MBytes,43.0,Mbits/sec,0,2.52
MBytes,41.9,Mbits/sec,0,2.52
MBytes,41.9,Mbits/sec,0,2.52
MBytes,41.9,Mbits/sec,0,2.52
MBytes,43.0,Mbits/sec,0,2.52
MBytes,41.9,Mbits/sec,0,2.52
MBytes,43.0,Mbits/sec,0,2.52
MBytes,41.9,Mbits/sec,0,2.52
MBytes,41.9,Mbits/sec,0,2.52
MBytes,44.0,Mbits/sec,0,2.52
MBytes,41.9,Mbits/sec,0,2.52
MBytes,41.9,Mbits/sec,0,2.52
MBytes,41.9,Mbits/sec,0,2.52
MBytes,43.0,Mbits/sec,0,2.52
MBytes,41.9,Mbits/sec,0,2.52
MBytes,41.9,Mbits/sec,0,2.52
MBytes,43.0,Mbits/sec,0,2.52
MBytes,43.0,Mbits/sec,0,2.52
MBytes,41.9,Mbits/sec,0,2.52
MBytes,43.0,Mbits/sec,0,2.52
MBytes,41.9,Mbits/sec,0,2.52
MBytes,41.9,Mbits/sec,0,2.52
MBytes,41.9,Mbits/sec,0,2.52
MBytes,39.8,Mbits/sec,0,2.52
MBytes,43.0,Mbits/sec,0,2.52
MBytes,43.0,Mbits/sec,0,2.52
MBytes,39.8,Mbits/sec,0,2.52
MBytes,41.9,Mbits/sec,0,2.52
MBytes,41.9,Mbits/sec,0,2.52
MBytes,43.0,Mbits/sec,0,2.52
MBytes,43.0,Mbits/sec,0,2.52
MBytes,37.8,Mbits/sec,0,2.52
MBytes,21.0,Mbits/sec,0,2.52
MBytes,22.0,Mbits/sec,0,2.52
MBytes,23.1,Mbits/sec,0,2.52
MBytes,23.1,Mbits/sec,0,2.52
MBytes,25.2,Mbits/sec,0,2.52
MBytes,41.5,Mbits/sec,0,sender
MBytes,41.2,Mbits/sec,receiver,
