-----------------------------------------------------------
Server,listening,on,5201
-----------------------------------------------------------
Accepted,connection,from,"10.45.0.14,",port,46338
[,5],local,10.45.0.1,port,5201,connected,to,10.45.0.14,port,46340
[,ID],Interval,Transfer,Bitrate
[,5],0.00-1.00,sec,226,KBytes,1.85,Mbits/sec
[,5],1.00-2.00,sec,263,KBytes,2.16,Mbits/sec
[,5],2.00-3.00,sec,247,KBytes,2.03,Mbits/sec
[,5],3.00-4.00,sec,167,KBytes,1.37,Mbits/sec
[,5],4.00-5.00,sec,115,KBytes,938,Kbits/sec
[,5],5.00-6.00,sec,357,KBytes,2.92,Mbits/sec
[,5],6.00-7.00,sec,906,KBytes,7.42,Mbits/sec
[,5],7.00-8.00,sec,703,KBytes,5.76,Mbits/sec
[,5],8.00-9.00,sec,649,KBytes,5.32,Mbits/sec
[,5],9.00-10.00,sec,983,KBytes,8.06,Mbits/sec
[,5],10.00-11.00,sec,1007,KBytes,8.25,Mbits/sec
[,5],11.00-12.00,sec,1.25,MBytes,10.5,Mbits/sec
[,5],12.00-13.00,sec,886,KBytes,7.26,Mbits/sec
[,5],13.00-14.00,sec,653,KBytes,5.35,Mbits/sec
[,5],14.00-15.00,sec,653,KBytes,5.35,Mbits/sec
[,5],15.00-16.00,sec,666,KBytes,5.46,Mbits/sec
[,5],16.00-17.00,sec,771,KBytes,6.32,Mbits/sec
[,5],17.00-18.00,sec,781,KBytes,6.39,Mbits/sec
[,5],18.00-19.00,sec,1.02,MBytes,8.54,Mbits/sec
[,5],19.00-20.00,sec,1.10,MBytes,9.26,Mbits/sec
[,5],20.00-21.00,sec,1.09,MBytes,9.16,Mbits/sec
[,5],21.00-22.00,sec,1004,KBytes,8.23,Mbits/sec
[,5],22.00-23.00,sec,975,KBytes,7.99,Mbits/sec
[,5],23.00-24.00,sec,1.02,MBytes,8.55,Mbits/sec
[,5],24.00-25.00,sec,887,KBytes,7.27,Mbits/sec
[,5],25.00-26.00,sec,998,KBytes,8.17,Mbits/sec
[,5],26.00-27.00,sec,878,KBytes,7.19,Mbits/sec
[,5],27.00-28.00,sec,919,KBytes,7.53,Mbits/sec
[,5],28.00-29.00,sec,983,KBytes,8.06,Mbits/sec
[,5],29.00-30.00,sec,965,KBytes,7.90,Mbits/sec
[,5],30.00-31.00,sec,940,KBytes,7.70,Mbits/sec
[,5],31.00-32.00,sec,944,KBytes,7.73,Mbits/sec
[,5],32.00-33.00,sec,900,KBytes,7.38,Mbits/sec
[,5],33.00-34.00,sec,879,KBytes,7.20,Mbits/sec
[,5],34.00-35.00,sec,899,KBytes,7.37,Mbits/sec
[,5],35.00-36.00,sec,1002,KBytes,8.21,Mbits/sec
[,5],36.00-37.00,sec,958,KBytes,7.85,Mbits/sec
[,5],37.00-38.00,sec,894,KBytes,7.32,Mbits/sec
[,5],38.00-39.00,sec,945,KBytes,7.74,Mbits/sec
[,5],39.00-40.00,sec,975,KBytes,7.99,Mbits/sec
[,5],40.00-41.00,sec,752,KBytes,6.16,Mbits/sec
[,5],41.00-42.00,sec,824,KBytes,6.75,Mbits/sec
[,5],42.00-43.00,sec,861,KBytes,7.05,Mbits/sec
[,5],43.00-44.00,sec,868,KBytes,7.11,Mbits/sec
[,5],44.00-45.00,sec,903,KBytes,7.40,Mbits/sec
[,5],45.00-46.00,sec,739,KBytes,6.05,Mbits/sec
[,5],46.00-47.00,sec,870,KBytes,7.13,Mbits/sec
[,5],47.00-48.00,sec,789,KBytes,6.46,Mbits/sec
[,5],48.00-49.00,sec,860,KBytes,7.04,Mbits/sec
[,5],49.00-50.00,sec,889,KBytes,7.28,Mbits/sec
[,5],50.00-51.00,sec,815,KBytes,6.68,Mbits/sec
[,5],51.00-52.00,sec,704,KBytes,5.77,Mbits/sec
[,5],52.00-53.00,sec,598,KBytes,4.90,Mbits/sec
[,5],53.00-54.00,sec,617,KBytes,5.06,Mbits/sec
[,5],54.00-55.00,sec,504,KBytes,4.13,Mbits/sec
[,5],55.00-56.00,sec,545,KBytes,4.46,Mbits/sec
[,5],56.00-57.00,sec,703,KBytes,5.76,Mbits/sec
[,5],57.00-58.00,sec,748,KBytes,6.13,Mbits/sec
[,5],58.00-59.00,sec,870,KBytes,7.13,Mbits/sec
[,5],59.00-60.00,sec,950,KBytes,7.79,Mbits/sec
[,5],60.00-61.00,sec,924,KBytes,7.57,Mbits/sec
[,5],61.00-62.00,sec,907,KBytes,7.43,Mbits/sec
[,5],62.00-63.00,sec,923,KBytes,7.56,Mbits/sec
[,5],63.00-64.00,sec,943,KBytes,7.72,Mbits/sec
[,5],64.00-65.00,sec,945,KBytes,7.74,Mbits/sec
[,5],65.00-66.00,sec,983,KBytes,8.06,Mbits/sec
[,5],66.00-67.00,sec,957,KBytes,7.84,Mbits/sec
[,5],67.00-68.00,sec,940,KBytes,7.70,Mbits/sec
[,5],68.00-69.00,sec,982,KBytes,8.04,Mbits/sec
[,5],69.00-70.00,sec,973,KBytes,7.97,Mbits/sec
[,5],70.00-71.00,sec,1006,KBytes,8.24,Mbits/sec
[,5],71.00-72.00,sec,945,KBytes,7.74,Mbits/sec
[,5],72.00-73.00,sec,956,KBytes,7.83,Mbits/sec
[,5],73.00-74.00,sec,885,KBytes,7.25,Mbits/sec
[,5],74.00-75.00,sec,563,KBytes,4.62,Mbits/sec
[,5],75.00-76.00,sec,720,KBytes,5.90,Mbits/sec
[,5],76.00-77.00,sec,698,KBytes,5.72,Mbits/sec
[,5],77.00-78.00,sec,752,KBytes,6.16,Mbits/sec
[,5],78.00-79.00,sec,850,KBytes,6.97,Mbits/sec
[,5],79.00-80.00,sec,840,KBytes,6.88,Mbits/sec
[,5],80.00-81.00,sec,860,KBytes,7.04,Mbits/sec
[,5],81.00-82.00,sec,840,KBytes,6.88,Mbits/sec
[,5],82.00-83.00,sec,817,KBytes,6.70,Mbits/sec
[,5],83.00-84.00,sec,820,KBytes,6.72,Mbits/sec
[,5],84.00-85.00,sec,893,KBytes,7.31,Mbits/sec
[,5],85.00-86.00,sec,873,KBytes,7.15,Mbits/sec
[,5],86.00-87.00,sec,887,KBytes,7.27,Mbits/sec
[,5],87.00-88.00,sec,860,KBytes,7.04,Mbits/sec
[,5],88.00-89.00,sec,852,KBytes,6.98,Mbits/sec
[,5],89.00-90.00,sec,850,KBytes,6.97,Mbits/sec
[,5],90.00-91.00,sec,846,KBytes,6.93,Mbits/sec
[,5],91.00-92.00,sec,827,KBytes,6.77,Mbits/sec
[,5],92.00-93.00,sec,552,KBytes,4.52,Mbits/sec
[,5],93.00-94.00,sec,455,KBytes,3.73,Mbits/sec
[,5],94.00-95.00,sec,1.18,MBytes,9.90,Mbits/sec
[,5],95.00-96.00,sec,616,KBytes,5.05,Mbits/sec
[,5],96.00-97.00,sec,633,KBytes,5.19,Mbits/sec
[,5],97.00-98.00,sec,654,KBytes,5.36,Mbits/sec
[,5],98.00-99.00,sec,1.78,MBytes,14.9,Mbits/sec
[,5],99.00-100.00,sec,1.84,MBytes,15.4,Mbits/sec
[,5],100.00-101.00,sec,1.83,MBytes,15.3,Mbits/sec
[,5],101.00-102.00,sec,1.89,MBytes,15.9,Mbits/sec
[,5],102.00-103.00,sec,1.88,MBytes,15.8,Mbits/sec
[,5],103.00-104.00,sec,1.93,MBytes,16.2,Mbits/sec
[,5],104.00-105.00,sec,1.86,MBytes,15.6,Mbits/sec
[,5],105.00-106.00,sec,1.92,MBytes,16.1,Mbits/sec
[,5],106.00-107.00,sec,1.91,MBytes,16.0,Mbits/sec
[,5],107.00-108.00,sec,1.89,MBytes,15.9,Mbits/sec
[,5],108.00-109.00,sec,1.87,MBytes,15.7,Mbits/sec
[,5],109.00-110.00,sec,1.94,MBytes,16.3,Mbits/sec
[,5],110.00-111.00,sec,1.96,MBytes,16.5,Mbits/sec
[,5],111.00-112.00,sec,1.93,MBytes,16.2,Mbits/sec
[,5],112.00-113.00,sec,1.90,MBytes,15.9,Mbits/sec
[,5],113.00-114.00,sec,1.94,MBytes,16.3,Mbits/sec
[,5],114.00-115.00,sec,1.89,MBytes,15.9,Mbits/sec
[,5],115.00-116.00,sec,1.88,MBytes,15.8,Mbits/sec
[,5],116.00-117.00,sec,1.84,MBytes,15.5,Mbits/sec
[,5],117.00-118.00,sec,1.79,MBytes,15.0,Mbits/sec
[,5],118.00-119.00,sec,1.80,MBytes,15.1,Mbits/sec
[,5],119.00-120.00,sec,1.63,MBytes,13.7,Mbits/sec
[,5],120.00-120.31,sec,515,KBytes,13.6,Mbits/sec
-,-,-,-,-,-,-,-,-,-,-,-,-,-,-,-,-,-,-,-,-,-,-,-,-
[,ID],Interval,Transfer,Bitrate
[,5],0.00-120.31,sec,120,MBytes,8.35,Mbits/sec,receiver
