-----------------------------------------------------------
Server,listening,on,5201
-----------------------------------------------------------
Accepted,connection,from,"10.45.0.14,",port,43142
[,5],local,10.45.0.1,port,5201,connected,to,10.45.0.14,port,43144
[,ID],Interval,Transfer,Bitrate
[,5],0.00-1.00,sec,777,KBytes,6.36,Mbits/sec
[,5],1.00-2.00,sec,935,KBytes,7.66,Mbits/sec
[,5],2.00-3.00,sec,864,KBytes,7.07,Mbits/sec
[,5],3.00-4.00,sec,804,KBytes,6.59,Mbits/sec
[,5],4.00-5.00,sec,862,KBytes,7.06,Mbits/sec
[,5],5.00-6.00,sec,864,KBytes,7.07,Mbits/sec
[,5],6.00-7.00,sec,886,KBytes,7.26,Mbits/sec
[,5],7.00-8.00,sec,810,KBytes,6.63,Mbits/sec
[,5],8.00-9.00,sec,837,KBytes,6.86,Mbits/sec
[,5],9.00-10.00,sec,893,KBytes,7.31,Mbits/sec
[,5],10.00-11.00,sec,803,KBytes,6.58,Mbits/sec
[,5],11.00-12.00,sec,665,KBytes,5.45,Mbits/sec
[,5],12.00-13.00,sec,573,KBytes,4.69,Mbits/sec
[,5],13.00-14.00,sec,665,KBytes,5.45,Mbits/sec
[,5],14.00-15.00,sec,736,KBytes,6.03,Mbits/sec
[,5],15.00-16.00,sec,720,KBytes,5.90,Mbits/sec
[,5],16.00-17.00,sec,556,KBytes,4.55,Mbits/sec
[,5],17.00-18.00,sec,579,KBytes,4.74,Mbits/sec
[,5],18.00-19.00,sec,615,KBytes,5.04,Mbits/sec
[,5],19.00-20.00,sec,727,KBytes,5.95,Mbits/sec
[,5],20.00-21.00,sec,644,KBytes,5.27,Mbits/sec
[,5],21.00-22.00,sec,675,KBytes,5.53,Mbits/sec
[,5],22.00-23.00,sec,685,KBytes,5.61,Mbits/sec
[,5],23.00-24.00,sec,667,KBytes,5.47,Mbits/sec
[,5],24.00-25.00,sec,442,KBytes,3.62,Mbits/sec
[,5],25.00-26.00,sec,346,KBytes,2.84,Mbits/sec
[,5],26.00-27.00,sec,557,KBytes,4.56,Mbits/sec
[,5],27.00-28.00,sec,640,KBytes,5.24,Mbits/sec
[,5],28.00-29.00,sec,575,KBytes,4.71,Mbits/sec
[,5],29.00-30.00,sec,482,KBytes,3.95,Mbits/sec
[,5],30.00-31.00,sec,682,KBytes,5.59,Mbits/sec
[,5],31.00-32.00,sec,735,KBytes,6.02,Mbits/sec
[,5],32.00-33.00,sec,688,KBytes,5.64,Mbits/sec
[,5],33.00-34.00,sec,660,KBytes,5.40,Mbits/sec
[,5],34.00-35.00,sec,712,KBytes,5.83,Mbits/sec
[,5],35.00-36.00,sec,656,KBytes,5.37,Mbits/sec
[,5],36.00-37.00,sec,710,KBytes,5.81,Mbits/sec
[,5],37.00-38.00,sec,774,KBytes,6.34,Mbits/sec
[,5],38.00-39.00,sec,852,KBytes,6.98,Mbits/sec
[,5],39.00-40.00,sec,783,KBytes,6.42,Mbits/sec
[,5],40.00-41.00,sec,767,KBytes,6.29,Mbits/sec
[,5],41.00-42.00,sec,778,KBytes,6.37,Mbits/sec
[,5],42.00-43.00,sec,804,KBytes,6.59,Mbits/sec
[,5],43.00-44.00,sec,837,KBytes,6.86,Mbits/sec
[,5],44.00-45.00,sec,778,KBytes,6.37,Mbits/sec
[,5],45.00-46.00,sec,823,KBytes,6.74,Mbits/sec
[,5],46.00-47.00,sec,812,KBytes,6.65,Mbits/sec
[,5],47.00-48.00,sec,765,KBytes,6.27,Mbits/sec
[,5],48.00-49.00,sec,825,KBytes,6.76,Mbits/sec
[,5],49.00-50.00,sec,832,KBytes,6.82,Mbits/sec
[,5],50.00-51.00,sec,810,KBytes,6.63,Mbits/sec
[,5],51.00-52.00,sec,786,KBytes,6.44,Mbits/sec
[,5],52.00-53.00,sec,800,KBytes,6.56,Mbits/sec
[,5],53.00-54.00,sec,810,KBytes,6.63,Mbits/sec
[,5],54.00-55.00,sec,750,KBytes,6.15,Mbits/sec
[,5],55.00-56.00,sec,756,KBytes,6.19,Mbits/sec
[,5],56.00-57.00,sec,789,KBytes,6.46,Mbits/sec
[,5],57.00-58.00,sec,760,KBytes,6.22,Mbits/sec
[,5],58.00-59.00,sec,591,KBytes,4.84,Mbits/sec
[,5],59.00-60.00,sec,727,KBytes,5.95,Mbits/sec
[,5],60.00-61.00,sec,857,KBytes,7.02,Mbits/sec
[,5],61.00-62.00,sec,808,KBytes,6.62,Mbits/sec
[,5],62.00-63.00,sec,725,KBytes,5.94,Mbits/sec
[,5],63.00-64.00,sec,753,KBytes,6.17,Mbits/sec
[,5],64.00-65.00,sec,804,KBytes,6.59,Mbits/sec
[,5],65.00-66.00,sec,744,KBytes,6.09,Mbits/sec
[,5],66.00-67.00,sec,775,KBytes,6.35,Mbits/sec
[,5],67.00-68.00,sec,706,KBytes,5.78,Mbits/sec
[,5],68.00-69.00,sec,795,KBytes,6.51,Mbits/sec
[,5],69.00-70.00,sec,733,KBytes,6.01,Mbits/sec
[,5],70.00-71.00,sec,740,KBytes,6.06,Mbits/sec
[,5],71.00-72.00,sec,758,KBytes,6.21,Mbits/sec
[,5],72.00-73.00,sec,716,KBytes,5.87,Mbits/sec
[,5],73.00-74.00,sec,661,KBytes,5.41,Mbits/sec
[,5],74.00-75.00,sec,696,KBytes,5.71,Mbits/sec
[,5],75.00-76.00,sec,765,KBytes,6.27,Mbits/sec
[,5],76.00-77.00,sec,621,KBytes,5.09,Mbits/sec
[,5],77.00-78.00,sec,490,KBytes,4.01,Mbits/sec
[,5],78.00-79.00,sec,616,KBytes,5.05,Mbits/sec
[,5],79.00-80.00,sec,441,KBytes,3.61,Mbits/sec
[,5],80.00-81.00,sec,617,KBytes,5.06,Mbits/sec
[,5],81.00-82.00,sec,688,KBytes,5.64,Mbits/sec
[,5],82.00-83.00,sec,657,KBytes,5.38,Mbits/sec
[,5],83.00-84.00,sec,570,KBytes,4.67,Mbits/sec
[,5],84.00-85.00,sec,545,KBytes,4.46,Mbits/sec
[,5],85.00-86.00,sec,654,KBytes,5.36,Mbits/sec
[,5],86.00-87.00,sec,719,KBytes,5.89,Mbits/sec
[,5],87.00-88.00,sec,724,KBytes,5.93,Mbits/sec
[,5],88.00-89.00,sec,716,KBytes,5.87,Mbits/sec
[,5],89.00-90.00,sec,687,KBytes,5.63,Mbits/sec
[,5],90.00-91.00,sec,753,KBytes,6.17,Mbits/sec
[,5],91.00-92.00,sec,592,KBytes,4.85,Mbits/sec
[,5],92.00-93.00,sec,469,KBytes,3.84,Mbits/sec
[,5],93.00-94.00,sec,588,KBytes,4.82,Mbits/sec
[,5],94.00-95.00,sec,594,KBytes,4.86,Mbits/sec
[,5],95.00-96.00,sec,641,KBytes,5.25,Mbits/sec
[,5],96.00-97.00,sec,787,KBytes,6.45,Mbits/sec
[,5],97.00-98.00,sec,814,KBytes,6.66,Mbits/sec
[,5],98.00-99.00,sec,727,KBytes,5.95,Mbits/sec
[,5],99.00-100.00,sec,728,KBytes,5.96,Mbits/sec
[,5],100.00-101.00,sec,795,KBytes,6.51,Mbits/sec
[,5],101.00-102.00,sec,790,KBytes,6.47,Mbits/sec
[,5],102.00-103.00,sec,774,KBytes,6.34,Mbits/sec
[,5],103.00-104.00,sec,723,KBytes,5.92,Mbits/sec
[,5],104.00-105.00,sec,691,KBytes,5.66,Mbits/sec
[,5],105.00-106.00,sec,737,KBytes,6.04,Mbits/sec
[,5],106.00-107.00,sec,733,KBytes,6.01,Mbits/sec
[,5],107.00-108.00,sec,725,KBytes,5.94,Mbits/sec
[,5],108.00-109.00,sec,725,KBytes,5.94,Mbits/sec
[,5],109.00-110.00,sec,724,KBytes,5.93,Mbits/sec
[,5],110.00-111.00,sec,688,KBytes,5.64,Mbits/sec
[,5],111.00-112.00,sec,775,KBytes,6.35,Mbits/sec
[,5],112.00-113.00,sec,782,KBytes,6.41,Mbits/sec
[,5],113.00-114.00,sec,694,KBytes,5.68,Mbits/sec
[,5],114.00-115.00,sec,685,KBytes,5.61,Mbits/sec
[,5],115.00-116.00,sec,770,KBytes,6.31,Mbits/sec
[,5],116.00-117.00,sec,781,KBytes,6.39,Mbits/sec
[,5],117.00-118.00,sec,704,KBytes,5.77,Mbits/sec
[,5],118.00-119.00,sec,725,KBytes,5.94,Mbits/sec
[,5],119.00-120.00,sec,669,KBytes,5.48,Mbits/sec
[,5],120.00-121.00,sec,392,KBytes,3.21,Mbits/sec
[,5],121.00-121.23,sec,76.4,KBytes,2.77,Mbits/sec
-,-,-,-,-,-,-,-,-,-,-,-,-,-,-,-,-,-,-,-,-,-,-,-,-
[,ID],Interval,Transfer,Bitrate
[,5],0.00-121.23,sec,84.3,MBytes,5.84,Mbits/sec,receiver
