-----------------------------------------------------------
Server,listening,on,5201
-----------------------------------------------------------
Accepted,connection,from,"10.45.0.14,",port,48104
[,5],local,10.45.0.1,port,5201,connected,to,10.45.0.14,port,48106
[,ID],Interval,Transfer,Bitrate
[,5],0.00-1.00,sec,80.3,KBytes,658,Kbits/sec
[,5],1.00-2.00,sec,97.6,KBytes,800,Kbits/sec
[,5],2.00-3.00,sec,172,KBytes,1.41,Mbits/sec
[,5],3.00-4.00,sec,133,KBytes,1.09,Mbits/sec
[,5],4.00-5.00,sec,57.9,KBytes,475,Kbits/sec
[,5],5.00-6.00,sec,92.1,KBytes,755,Kbits/sec
[,5],6.00-7.00,sec,98.7,KBytes,809,Kbits/sec
[,5],7.00-8.00,sec,64.5,KBytes,528,Kbits/sec
[,5],8.00-9.00,sec,92.1,KBytes,755,Kbits/sec
[,5],9.00-10.00,sec,72.4,KBytes,593,Kbits/sec
[,5],10.00-11.00,sec,61.9,KBytes,507,Kbits/sec
[,5],11.00-12.00,sec,67.1,KBytes,550,Kbits/sec
[,5],12.00-13.00,sec,120,KBytes,982,Kbits/sec
[,5],13.00-14.00,sec,153,KBytes,1.25,Mbits/sec
[,5],14.00-15.00,sec,153,KBytes,1.25,Mbits/sec
[,5],15.00-16.00,sec,7.90,KBytes,64.7,Kbits/sec
[,5],16.00-17.00,sec,25.0,KBytes,205,Kbits/sec
[,5],17.00-18.00,sec,17.1,KBytes,140,Kbits/sec
[,5],18.00-19.00,sec,32.9,KBytes,270,Kbits/sec
[,5],19.00-20.00,sec,73.7,KBytes,604,Kbits/sec
[,5],20.00-21.00,sec,81.6,KBytes,669,Kbits/sec
[,5],21.00-22.00,sec,43.4,KBytes,356,Kbits/sec
[,5],22.00-23.00,sec,60.6,KBytes,496,Kbits/sec
[,5],23.00-24.00,sec,71.1,KBytes,582,Kbits/sec
[,5],24.00-25.00,sec,57.9,KBytes,474,Kbits/sec
[,5],25.00-26.00,sec,21.1,KBytes,173,Kbits/sec
[,5],26.00-27.00,sec,22.4,KBytes,183,Kbits/sec
[,5],27.00-28.00,sec,9.21,KBytes,75.5,Kbits/sec
[,5],28.00-29.00,sec,17.1,KBytes,140,Kbits/sec
[,5],29.00-30.00,sec,11.8,KBytes,97.1,Kbits/sec
[,5],30.00-31.00,sec,21.1,KBytes,173,Kbits/sec
[,5],31.00-32.00,sec,36.9,KBytes,302,Kbits/sec
[,5],32.00-33.00,sec,48.7,KBytes,399,Kbits/sec
[,5],33.00-34.00,sec,50.0,KBytes,410,Kbits/sec
[,5],34.00-35.00,sec,13.2,KBytes,108,Kbits/sec
[,5],35.00-36.00,sec,38.2,KBytes,313,Kbits/sec
[,5],36.00-37.00,sec,54.0,KBytes,442,Kbits/sec
[,5],37.00-38.00,sec,57.9,KBytes,474,Kbits/sec
[,5],38.00-39.00,sec,48.7,KBytes,399,Kbits/sec
[,5],39.00-40.00,sec,73.7,KBytes,604,Kbits/sec
[,5],40.00-41.00,sec,90.8,KBytes,744,Kbits/sec
[,5],41.00-42.00,sec,75.0,KBytes,615,Kbits/sec
[,5],42.00-43.00,sec,96.1,KBytes,787,Kbits/sec
[,5],43.00-44.00,sec,38.2,KBytes,313,Kbits/sec
[,5],44.00-45.00,sec,30.3,KBytes,248,Kbits/sec
[,5],45.00-46.00,sec,32.9,KBytes,270,Kbits/sec
[,5],46.00-47.00,sec,34.2,KBytes,280,Kbits/sec
[,5],47.00-48.00,sec,2.63,KBytes,21.6,Kbits/sec
[,5],48.00-49.00,sec,48.7,KBytes,399,Kbits/sec
[,5],49.00-50.00,sec,31.6,KBytes,259,Kbits/sec
[,5],50.00-51.00,sec,30.3,KBytes,248,Kbits/sec
[,5],51.00-52.00,sec,44.8,KBytes,367,Kbits/sec
[,5],52.00-53.00,sec,81.6,KBytes,668,Kbits/sec
[,5],53.00-54.00,sec,32.9,KBytes,270,Kbits/sec
[,5],54.00-55.00,sec,59.2,KBytes,485,Kbits/sec
[,5],55.00-56.00,sec,54.0,KBytes,442,Kbits/sec
[,5],56.00-57.00,sec,48.7,KBytes,399,Kbits/sec
[,5],57.00-58.00,sec,54.0,KBytes,442,Kbits/sec
[,5],58.00-59.00,sec,51.3,KBytes,421,Kbits/sec
[,5],59.00-60.00,sec,103,KBytes,841,Kbits/sec
[,5],60.00-61.00,sec,86.9,KBytes,712,Kbits/sec
[,5],61.00-62.00,sec,94.8,KBytes,776,Kbits/sec
[,5],62.00-63.00,sec,84.2,KBytes,690,Kbits/sec
[,5],63.00-64.00,sec,39.5,KBytes,323,Kbits/sec
[,5],64.00-65.00,sec,42.1,KBytes,345,Kbits/sec
[,5],65.00-66.00,sec,76.4,KBytes,626,Kbits/sec
[,5],66.00-67.00,sec,96.1,KBytes,787,Kbits/sec
[,5],67.00-68.00,sec,60.6,KBytes,496,Kbits/sec
[,5],68.00-69.00,sec,22.4,KBytes,183,Kbits/sec
[,5],69.00-70.00,sec,27.6,KBytes,226,Kbits/sec
[,5],70.00-71.00,sec,59.2,KBytes,485,Kbits/sec
[,5],71.00-72.00,sec,73.7,KBytes,604,Kbits/sec
[,5],72.00-73.00,sec,61.9,KBytes,507,Kbits/sec
[,5],73.00-74.00,sec,50.0,KBytes,410,Kbits/sec
[,5],74.00-75.00,sec,113,KBytes,927,Kbits/sec
[,5],75.00-76.00,sec,82.9,KBytes,679,Kbits/sec
[,5],76.00-77.00,sec,55.3,KBytes,453,Kbits/sec
[,5],77.00-78.00,sec,82.9,KBytes,679,Kbits/sec
[,5],78.00-79.00,sec,73.7,KBytes,604,Kbits/sec
[,5],79.00-80.00,sec,103,KBytes,841,Kbits/sec
[,5],80.00-81.00,sec,54.0,KBytes,442,Kbits/sec
[,5],81.00-82.00,sec,88.2,KBytes,723,Kbits/sec
[,5],82.00-83.00,sec,46.1,KBytes,377,Kbits/sec
[,5],83.00-84.00,sec,52.7,KBytes,432,Kbits/sec
[,5],84.00-85.00,sec,42.1,KBytes,345,Kbits/sec
[,5],85.00-86.00,sec,43.4,KBytes,356,Kbits/sec
[,5],86.00-87.00,sec,27.6,KBytes,226,Kbits/sec
[,5],87.00-88.00,sec,27.6,KBytes,226,Kbits/sec
[,5],88.00-89.00,sec,25.0,KBytes,205,Kbits/sec
[,5],89.00-90.00,sec,19.7,KBytes,162,Kbits/sec
[,5],90.00-91.00,sec,40.8,KBytes,334,Kbits/sec
[,5],91.00-92.00,sec,29.0,KBytes,237,Kbits/sec
[,5],92.00-93.00,sec,38.2,KBytes,313,Kbits/sec
[,5],93.00-94.00,sec,18.4,KBytes,151,Kbits/sec
[,5],94.00-95.00,sec,35.5,KBytes,291,Kbits/sec
[,5],95.00-96.00,sec,73.7,KBytes,604,Kbits/sec
[,5],96.00-97.00,sec,65.8,KBytes,539,Kbits/sec
[,5],97.00-98.00,sec,60.6,KBytes,496,Kbits/sec
[,5],98.00-99.00,sec,60.6,KBytes,496,Kbits/sec
[,5],99.00-100.00,sec,79.0,KBytes,647,Kbits/sec
[,5],100.00-101.00,sec,44.8,KBytes,367,Kbits/sec
[,5],101.00-102.00,sec,40.8,KBytes,334,Kbits/sec
[,5],102.00-103.00,sec,67.1,KBytes,550,Kbits/sec
[,5],103.00-104.00,sec,47.4,KBytes,388,Kbits/sec
[,5],104.00-105.00,sec,56.6,KBytes,464,Kbits/sec
[,5],105.00-106.00,sec,89.5,KBytes,733,Kbits/sec
[,5],106.00-107.00,sec,51.3,KBytes,420,Kbits/sec
[,5],107.00-108.00,sec,93.5,KBytes,766,Kbits/sec
[,5],108.00-109.00,sec,27.6,KBytes,226,Kbits/sec
[,5],109.00-110.00,sec,75.0,KBytes,615,Kbits/sec
[,5],110.00-111.00,sec,84.2,KBytes,690,Kbits/sec
[,5],111.00-112.00,sec,69.8,KBytes,571,Kbits/sec
[,5],112.00-113.00,sec,88.2,KBytes,723,Kbits/sec
[,5],113.00-114.00,sec,68.5,KBytes,561,Kbits/sec
[,5],114.00-115.00,sec,31.6,KBytes,259,Kbits/sec
[,5],115.00-116.00,sec,11.8,KBytes,97.1,Kbits/sec
[,5],116.00-117.00,sec,18.4,KBytes,151,Kbits/sec
[,5],117.00-118.00,sec,29.0,KBytes,237,Kbits/sec
[,5],118.00-119.00,sec,38.2,KBytes,313,Kbits/sec
[,5],119.00-120.00,sec,13.2,KBytes,108,Kbits/sec
[,5],120.00-120.11,sec,3.95,KBytes,282,Kbits/sec
-,-,-,-,-,-,-,-,-,-,-,-,-,-,-,-,-,-,-,-,-,-,-,-,-
[,ID],Interval,Transfer,Bitrate
[,5],0.00-120.11,sec,6.75,MBytes,472,Kbits/sec,receiver
