Interval,Transfer,Bitrate,Retr,Cwnd
55586,connected,to,10.45.0.14,port
MBytes,14.4,Mbits/sec,0,124
MBytes,27.3,Mbits/sec,0,272
MBytes,27.3,Mbits/sec,0,421
MBytes,29.4,Mbits/sec,0,586
MBytes,27.3,Mbits/sec,0,740
MBytes,32.5,Mbits/sec,0,918
MBytes,38.8,Mbits/sec,0,1.10
MBytes,40.9,Mbits/sec,0,1.34
MBytes,41.9,Mbits/sec,0,1.59
MBytes,41.9,Mbits/sec,0,1.84
MBytes,41.9,Mbits/sec,0,2.10
MBytes,41.9,Mbits/sec,0,2.35
MBytes,43.0,Mbits/sec,0,2.51
MBytes,43.0,Mbits/sec,0,2.51
MBytes,27.3,Mbits/sec,0,2.51
MBytes,26.2,Mbits/sec,0,2.51
MBytes,23.1,Mbits/sec,0,2.51
MBytes,23.1,Mbits/sec,0,2.51
MBytes,27.3,Mbits/sec,0,2.51
MBytes,24.1,Mbits/sec,0,2.51
MBytes,23.1,Mbits/sec,0,2.51
MBytes,26.2,Mbits/sec,0,2.51
MBytes,29.4,Mbits/sec,0,2.51
MBytes,12.6,Mbits/sec,0,2.51
MBytes,17.8,Mbits/sec,0,2.51
MBytes,27.3,Mbits/sec,345,1.23
MBytes,37.7,Mbits/sec,27,1.26
MBytes,33.6,Mbits/sec,0,1.34
MBytes,38.8,Mbits/sec,0,1.40
MBytes,39.8,Mbits/sec,0,1.44
MBytes,41.9,Mbits/sec,0,1.47
MBytes,40.9,Mbits/sec,0,1.48
MBytes,40.9,Mbits/sec,0,1.49
MBytes,40.9,Mbits/sec,0,1.49
MBytes,34.6,Mbits/sec,0,1.49
MBytes,32.5,Mbits/sec,0,1.50
MBytes,28.3,Mbits/sec,0,1.50
MBytes,32.5,Mbits/sec,0,1.51
MBytes,33.6,Mbits/sec,0,1.53
MBytes,26.2,Mbits/sec,0,1.57
MBytes,33.6,Mbits/sec,0,1.62
MBytes,38.8,Mbits/sec,0,1.69
MBytes,41.9,Mbits/sec,0,1.79
MBytes,41.9,Mbits/sec,0,1.90
MBytes,43.0,Mbits/sec,0,2.05
MBytes,41.9,Mbits/sec,0,2.22
MBytes,41.9,Mbits/sec,0,2.43
MBytes,41.9,Mbits/sec,0,2.48
MBytes,43.0,Mbits/sec,0,2.48
MBytes,41.9,Mbits/sec,0,2.48
MBytes,41.9,Mbits/sec,0,2.48
MBytes,43.0,Mbits/sec,0,2.48
MBytes,41.9,Mbits/sec,0,2.48
MBytes,41.9,Mbits/sec,0,2.48
MBytes,43.0,Mbits/sec,0,2.48
MBytes,41.9,Mbits/sec,0,2.48
MBytes,43.0,Mbits/sec,0,2.48
MBytes,41.9,Mbits/sec,0,2.48
MBytes,43.0,Mbits/sec,0,2.48
MBytes,41.9,Mbits/sec,0,2.48
MBytes,41.9,Mbits/sec,0,2.48
MBytes,43.0,Mbits/sec,0,2.48
MBytes,41.9,Mbits/sec,0,2.48
MBytes,43.0,Mbits/sec,0,2.48
MBytes,41.9,Mbits/sec,0,2.48
MBytes,41.9,Mbits/sec,0,2.48
MBytes,43.0,Mbits/sec,0,2.48
MBytes,40.9,Mbits/sec,0,2.48
MBytes,43.0,Mbits/sec,0,2.48
MBytes,43.0,Mbits/sec,0,2.48
MBytes,41.9,Mbits/sec,0,2.48
MBytes,43.0,Mbits/sec,0,2.48
MBytes,41.9,Mbits/sec,0,2.48
MBytes,41.9,Mbits/sec,0,2.48
MBytes,43.0,Mbits/sec,0,2.48
MBytes,41.9,Mbits/sec,0,2.48
MBytes,43.0,Mbits/sec,0,2.48
MBytes,41.9,Mbits/sec,0,2.48
MBytes,41.9,Mbits/sec,0,2.48
MBytes,41.9,Mbits/sec,0,2.48
MBytes,43.0,Mbits/sec,0,2.48
MBytes,41.9,Mbits/sec,0,2.48
MBytes,43.0,Mbits/sec,0,2.48
MBytes,41.9,Mbits/sec,0,2.48
MBytes,43.0,Mbits/sec,0,2.48
MBytes,41.9,Mbits/sec,0,2.48
MBytes,43.0,Mbits/sec,0,2.48
MBytes,41.9,Mbits/sec,0,2.48
MBytes,41.9,Mbits/sec,0,2.48
MBytes,43.0,Mbits/sec,0,2.48
MBytes,41.9,Mbits/sec,0,2.48
MBytes,43.0,Mbits/sec,0,2.48
MBytes,41.9,Mbits/sec,0,2.48
MBytes,43.0,Mbits/sec,0,2.48
MBytes,41.9,Mbits/sec,0,2.48
MBytes,41.9,Mbits/sec,0,2.48
MBytes,41.9,Mbits/sec,0,2.48
MBytes,43.0,Mbits/sec,0,2.48
MBytes,41.9,Mbits/sec,0,2.48
MBytes,41.9,Mbits/sec,0,2.48
MBytes,41.9,Mbits/sec,0,2.48
MBytes,41.9,Mbits/sec,0,2.48
MBytes,43.0,Mbits/sec,0,2.48
MBytes,41.9,Mbits/sec,0,2.48
MBytes,43.0,Mbits/sec,0,2.48
MBytes,41.9,Mbits/sec,0,2.48
MBytes,43.0,Mbits/sec,0,2.48
MBytes,41.9,Mbits/sec,0,2.48
MBytes,41.9,Mbits/sec,0,2.48
MBytes,41.9,Mbits/sec,0,2.48
MBytes,43.0,Mbits/sec,0,2.48
MBytes,41.9,Mbits/sec,0,2.48
MBytes,41.9,Mbits/sec,0,2.48
MBytes,43.0,Mbits/sec,0,2.48
MBytes,41.9,Mbits/sec,0,2.48
MBytes,43.0,Mbits/sec,0,2.48
MBytes,41.9,Mbits/sec,0,2.48
MBytes,41.9,Mbits/sec,0,2.48
MBytes,43.0,Mbits/sec,0,2.48
MBytes,41.9,Mbits/sec,0,2.48
MBytes,38.8,Mbits/sec,372,sender
MBytes,38.6,Mbits/sec,receiver,
