Interval,Transfer,Bitrate,Retr,Cwnd
50234,connected,to,10.45.0.14,port
KBytes,6.36,Mbits/sec,1,59.2
MBytes,10.5,Mbits/sec,0,117
MBytes,25.2,Mbits/sec,0,257
MBytes,29.4,Mbits/sec,0,421
MBytes,28.3,Mbits/sec,0,582
MBytes,32.5,Mbits/sec,0,757
MBytes,28.3,Mbits/sec,0,920
MBytes,30.4,Mbits/sec,0,1.06
MBytes,28.3,Mbits/sec,0,1.22
MBytes,26.2,Mbits/sec,0,1.38
MBytes,27.3,Mbits/sec,0,1.54
MBytes,26.2,Mbits/sec,0,1.70
MBytes,27.3,Mbits/sec,0,1.86
MBytes,26.2,Mbits/sec,0,2.02
MBytes,25.2,Mbits/sec,0,2.18
MBytes,28.3,Mbits/sec,0,2.31
MBytes,27.3,Mbits/sec,0,2.39
MBytes,27.3,Mbits/sec,0,2.39
MBytes,27.3,Mbits/sec,0,2.39
MBytes,26.2,Mbits/sec,0,2.39
MBytes,27.3,Mbits/sec,0,2.39
MBytes,27.3,Mbits/sec,0,2.39
MBytes,27.2,Mbits/sec,0,2.39
MBytes,26.2,Mbits/sec,0,2.39
MBytes,27.3,Mbits/sec,0,2.39
MBytes,27.3,Mbits/sec,0,2.39
MBytes,27.3,Mbits/sec,0,2.39
MBytes,27.3,Mbits/sec,0,2.39
MBytes,27.3,Mbits/sec,0,2.39
MBytes,26.2,Mbits/sec,0,2.39
MBytes,27.3,Mbits/sec,0,2.39
MBytes,27.3,Mbits/sec,0,2.39
MBytes,26.2,Mbits/sec,0,2.39
MBytes,27.3,Mbits/sec,0,2.39
MBytes,27.3,Mbits/sec,0,2.39
MBytes,27.3,Mbits/sec,0,2.39
MBytes,27.3,Mbits/sec,0,2.39
MBytes,27.3,Mbits/sec,0,2.39
MBytes,26.2,Mbits/sec,0,2.39
MBytes,27.3,Mbits/sec,0,2.39
MBytes,27.3,Mbits/sec,0,2.39
MBytes,27.3,Mbits/sec,0,2.39
MBytes,27.3,Mbits/sec,0,2.39
MBytes,27.3,Mbits/sec,0,2.39
MBytes,27.3,Mbits/sec,0,2.39
MBytes,27.3,Mbits/sec,0,2.39
MBytes,26.2,Mbits/sec,0,2.39
MBytes,27.3,Mbits/sec,0,2.39
MBytes,27.3,Mbits/sec,0,2.39
MBytes,27.3,Mbits/sec,0,2.39
MBytes,27.3,Mbits/sec,0,2.39
MBytes,27.3,Mbits/sec,0,2.39
MBytes,26.2,Mbits/sec,0,2.39
MBytes,27.3,Mbits/sec,0,2.39
MBytes,27.3,Mbits/sec,0,2.39
MBytes,27.3,Mbits/sec,0,2.39
MBytes,26.2,Mbits/sec,0,2.39
MBytes,26.2,Mbits/sec,0,2.39
MBytes,27.3,Mbits/sec,0,2.39
MBytes,27.3,Mbits/sec,0,2.39
MBytes,28.3,Mbits/sec,0,2.39
MBytes,26.2,Mbits/sec,0,2.39
MBytes,27.3,Mbits/sec,0,2.39
MBytes,27.3,Mbits/sec,0,2.39
MBytes,27.3,Mbits/sec,0,2.39
MBytes,26.2,Mbits/sec,0,2.39
MBytes,27.3,Mbits/sec,0,2.39
MBytes,27.3,Mbits/sec,0,2.39
MBytes,27.3,Mbits/sec,0,2.39
MBytes,27.3,Mbits/sec,0,2.39
MBytes,27.3,Mbits/sec,0,2.39
MBytes,26.2,Mbits/sec,0,2.39
MBytes,27.3,Mbits/sec,0,2.39
MBytes,27.3,Mbits/sec,0,2.39
MBytes,27.3,Mbits/sec,0,2.39
MBytes,26.2,Mbits/sec,0,2.39
MBytes,27.3,Mbits/sec,0,2.39
MBytes,27.3,Mbits/sec,0,2.39
MBytes,27.3,Mbits/sec,0,2.39
MBytes,26.2,Mbits/sec,0,2.39
MBytes,27.3,Mbits/sec,0,2.39
MBytes,27.3,Mbits/sec,0,2.39
MBytes,27.3,Mbits/sec,0,2.39
MBytes,26.2,Mbits/sec,0,2.39
MBytes,27.3,Mbits/sec,0,2.39
MBytes,27.3,Mbits/sec,0,2.39
MBytes,27.3,Mbits/sec,0,2.39
MBytes,27.3,Mbits/sec,0,2.39
MBytes,26.2,Mbits/sec,0,2.39
MBytes,28.3,Mbits/sec,0,2.39
MBytes,26.2,Mbits/sec,0,2.39
MBytes,27.3,Mbits/sec,0,2.39
MBytes,27.3,Mbits/sec,0,2.39
MBytes,27.3,Mbits/sec,0,2.39
MBytes,27.3,Mbits/sec,0,2.39
MBytes,26.2,Mbits/sec,0,2.39
MBytes,27.3,Mbits/sec,0,2.39
MBytes,27.3,Mbits/sec,0,2.39
MBytes,26.2,Mbits/sec,0,2.39
MBytes,27.3,Mbits/sec,0,2.39
MBytes,27.3,Mbits/sec,0,2.39
MBytes,26.2,Mbits/sec,0,2.39
MBytes,27.3,Mbits/sec,0,2.39
MBytes,27.3,Mbits/sec,0,2.39
MBytes,27.3,Mbits/sec,0,2.39
MBytes,27.3,Mbits/sec,0,2.39
MBytes,26.2,Mbits/sec,0,2.39
MBytes,27.3,Mbits/sec,0,2.39
MBytes,27.3,Mbits/sec,0,2.39
MBytes,27.3,Mbits/sec,0,2.39
MBytes,27.3,Mbits/sec,0,2.39
MBytes,27.3,Mbits/sec,0,2.39
MBytes,27.3,Mbits/sec,0,2.39
MBytes,27.3,Mbits/sec,0,2.39
MBytes,26.2,Mbits/sec,0,2.39
MBytes,27.3,Mbits/sec,0,2.39
MBytes,27.3,Mbits/sec,0,2.39
MBytes,27.3,Mbits/sec,0,2.39
MBytes,26.2,Mbits/sec,0,2.39
MBytes,27.3,Mbits/sec,0,2.39
MBytes,26.8,Mbits/sec,1,sender
MBytes,26.7,Mbits/sec,receiver,
