Interval,Transfer,Bitrate,Retr,Cwnd
58638,connected,to,10.45.0.14,port
KBytes,6.47,Mbits/sec,0,118
MBytes,12.6,Mbits/sec,0,186
MBytes,18.9,Mbits/sec,0,291
MBytes,18.9,Mbits/sec,0,394
MBytes,15.7,Mbits/sec,0,478
MBytes,18.9,Mbits/sec,0,587
MBytes,15.7,Mbits/sec,0,675
MBytes,24.1,Mbits/sec,0,806
MBytes,18.9,Mbits/sec,0,910
MBytes,18.9,Mbits/sec,0,1018
MBytes,17.8,Mbits/sec,0,1.09
MBytes,17.8,Mbits/sec,0,1.19
MBytes,18.9,Mbits/sec,0,1.31
MBytes,16.8,Mbits/sec,0,1.41
MBytes,16.8,Mbits/sec,0,1.55
MBytes,15.7,Mbits/sec,0,1.81
MBytes,17.8,Mbits/sec,0,2.15
MBytes,16.8,Mbits/sec,0,2.47
MBytes,19.9,Mbits/sec,0,2.47
MBytes,12.6,Mbits/sec,0,2.47
MBytes,12.6,Mbits/sec,0,2.47
MBytes,13.6,Mbits/sec,0,2.47
MBytes,13.6,Mbits/sec,0,2.47
MBytes,15.7,Mbits/sec,0,2.47
MBytes,17.8,Mbits/sec,0,2.47
MBytes,16.8,Mbits/sec,0,2.47
MBytes,17.8,Mbits/sec,0,2.47
MBytes,16.8,Mbits/sec,0,2.47
MBytes,16.8,Mbits/sec,0,2.47
MBytes,18.9,Mbits/sec,0,2.47
MBytes,18.9,Mbits/sec,0,2.47
MBytes,16.8,Mbits/sec,0,2.47
MBytes,17.8,Mbits/sec,0,2.47
MBytes,16.8,Mbits/sec,0,2.47
MBytes,17.8,Mbits/sec,0,2.47
MBytes,19.9,Mbits/sec,0,2.47
MBytes,18.9,Mbits/sec,0,2.47
MBytes,16.8,Mbits/sec,0,2.47
MBytes,17.8,Mbits/sec,0,2.47
MBytes,16.8,Mbits/sec,0,2.47
MBytes,16.8,Mbits/sec,0,2.47
MBytes,22.0,Mbits/sec,0,2.47
MBytes,17.8,Mbits/sec,0,2.47
MBytes,16.8,Mbits/sec,0,2.47
MBytes,17.8,Mbits/sec,0,2.47
MBytes,15.7,Mbits/sec,0,2.47
MBytes,18.9,Mbits/sec,0,2.47
MBytes,18.9,Mbits/sec,0,2.47
MBytes,16.8,Mbits/sec,0,2.47
MBytes,17.8,Mbits/sec,0,2.47
MBytes,15.7,Mbits/sec,0,2.47
MBytes,18.9,Mbits/sec,0,2.47
MBytes,14.7,Mbits/sec,0,2.47
MBytes,19.9,Mbits/sec,0,2.47
MBytes,18.9,Mbits/sec,0,2.47
MBytes,16.8,Mbits/sec,0,2.47
MBytes,16.8,Mbits/sec,0,2.47
MBytes,17.8,Mbits/sec,0,2.47
MBytes,18.9,Mbits/sec,0,2.47
MBytes,19.9,Mbits/sec,0,2.47
MBytes,16.8,Mbits/sec,0,2.47
MBytes,17.8,Mbits/sec,0,2.47
MBytes,16.8,Mbits/sec,0,2.47
MBytes,17.8,Mbits/sec,0,2.47
MBytes,15.7,Mbits/sec,0,2.47
MBytes,21.0,Mbits/sec,0,2.47
MBytes,16.8,Mbits/sec,0,2.47
MBytes,16.8,Mbits/sec,0,2.47
MBytes,17.8,Mbits/sec,0,2.47
MBytes,17.8,Mbits/sec,0,2.47
MBytes,17.8,Mbits/sec,0,2.47
MBytes,19.9,Mbits/sec,0,2.47
MBytes,16.8,Mbits/sec,0,2.47
MBytes,16.8,Mbits/sec,0,2.47
MBytes,17.8,Mbits/sec,0,2.47
MBytes,17.8,Mbits/sec,0,2.47
MBytes,18.9,Mbits/sec,0,2.47
MBytes,17.8,Mbits/sec,0,2.47
MBytes,15.7,Mbits/sec,0,2.47
MBytes,17.8,Mbits/sec,0,2.47
MBytes,16.8,Mbits/sec,0,2.47
MBytes,19.9,Mbits/sec,0,2.47
MBytes,17.8,Mbits/sec,0,2.47
MBytes,16.8,Mbits/sec,0,2.47
MBytes,17.8,Mbits/sec,0,2.47
MBytes,16.8,Mbits/sec,0,2.47
MBytes,17.8,Mbits/sec,0,2.47
MBytes,17.8,Mbits/sec,0,2.47
MBytes,18.9,Mbits/sec,0,2.47
MBytes,16.8,Mbits/sec,0,2.47
MBytes,16.8,Mbits/sec,0,2.47
MBytes,17.8,Mbits/sec,0,2.47
MBytes,16.8,Mbits/sec,0,2.47
MBytes,17.8,Mbits/sec,0,2.47
MBytes,17.8,Mbits/sec,0,2.47
MBytes,15.7,Mbits/sec,0,2.47
MBytes,18.9,Mbits/sec,0,2.47
MBytes,17.8,Mbits/sec,0,2.47
MBytes,13.6,Mbits/sec,0,2.47
MBytes,21.0,Mbits/sec,0,2.47
MBytes,18.9,Mbits/sec,0,2.47
MBytes,15.7,Mbits/sec,0,2.47
MBytes,17.8,Mbits/sec,0,2.47
MBytes,17.8,Mbits/sec,0,2.47
MBytes,18.9,Mbits/sec,0,2.47
MBytes,17.8,Mbits/sec,0,2.47
MBytes,17.8,Mbits/sec,0,2.47
MBytes,16.8,Mbits/sec,0,2.47
MBytes,16.8,Mbits/sec,0,2.47
MBytes,17.8,Mbits/sec,0,2.47
MBytes,18.9,Mbits/sec,0,2.47
MBytes,15.7,Mbits/sec,0,2.47
MBytes,19.9,Mbits/sec,0,2.47
MBytes,16.8,Mbits/sec,0,2.47
MBytes,15.7,Mbits/sec,0,2.47
MBytes,15.7,Mbits/sec,0,2.47
MBytes,23.1,Mbits/sec,0,2.47
MBytes,17.8,Mbits/sec,0,2.47
MBytes,16.8,Mbits/sec,0,2.47
MBytes,15.7,Mbits/sec,0,2.47
MBytes,17.4,Mbits/sec,0,sender
MBytes,17.3,Mbits/sec,receiver,
