Interval,Transfer,Bitrate,Retr,Cwnd
32984,connected,to,10.45.0.14,port
KBytes,3.58,Mbits/sec,0,65.8
MBytes,11.5,Mbits/sec,0,125
MBytes,14.7,Mbits/sec,0,207
MBytes,17.8,Mbits/sec,0,305
MBytes,18.9,Mbits/sec,0,413
MBytes,21.0,Mbits/sec,0,528
MBytes,18.9,Mbits/sec,0,633
MBytes,18.9,Mbits/sec,0,740
MBytes,18.9,Mbits/sec,0,842
MBytes,18.9,Mbits/sec,0,950
MBytes,19.9,Mbits/sec,0,1.03
MBytes,18.9,Mbits/sec,0,1.14
MBytes,19.9,Mbits/sec,0,1.25
MBytes,16.8,Mbits/sec,0,1.36
MBytes,16.8,Mbits/sec,0,1.57
MBytes,15.7,Mbits/sec,0,1.84
MBytes,16.8,Mbits/sec,0,2.18
MBytes,19.9,Mbits/sec,0,2.47
MBytes,16.8,Mbits/sec,0,2.47
MBytes,17.8,Mbits/sec,0,2.47
MBytes,16.8,Mbits/sec,0,2.47
MBytes,17.8,Mbits/sec,0,2.47
MBytes,18.9,Mbits/sec,0,2.47
MBytes,16.8,Mbits/sec,0,2.47
MBytes,16.8,Mbits/sec,0,2.47
MBytes,17.8,Mbits/sec,0,2.47
MBytes,17.8,Mbits/sec,0,2.47
MBytes,16.8,Mbits/sec,0,2.47
MBytes,17.8,Mbits/sec,0,2.47
MBytes,18.9,Mbits/sec,0,2.47
MBytes,17.8,Mbits/sec,0,2.47
MBytes,16.8,Mbits/sec,0,2.47
MBytes,16.8,Mbits/sec,0,2.47
MBytes,18.9,Mbits/sec,0,2.47
MBytes,17.8,Mbits/sec,0,2.47
MBytes,16.8,Mbits/sec,0,2.47
MBytes,17.8,Mbits/sec,0,2.47
MBytes,17.8,Mbits/sec,0,2.47
MBytes,17.8,Mbits/sec,0,2.47
MBytes,19.9,Mbits/sec,0,2.47
MBytes,16.8,Mbits/sec,0,2.47
MBytes,18.9,Mbits/sec,0,2.47
MBytes,16.8,Mbits/sec,0,2.47
MBytes,17.8,Mbits/sec,0,2.47
MBytes,16.8,Mbits/sec,0,2.47
MBytes,18.9,Mbits/sec,0,2.47
MBytes,17.8,Mbits/sec,0,2.47
MBytes,16.8,Mbits/sec,0,2.47
MBytes,16.8,Mbits/sec,0,2.47
MBytes,16.8,Mbits/sec,0,2.47
MBytes,17.8,Mbits/sec,0,2.47
MBytes,18.9,Mbits/sec,0,2.47
MBytes,17.8,Mbits/sec,0,2.47
MBytes,16.8,Mbits/sec,0,2.47
MBytes,16.8,Mbits/sec,0,2.47
MBytes,17.8,Mbits/sec,0,2.47
MBytes,18.9,Mbits/sec,0,2.47
MBytes,17.8,Mbits/sec,0,2.47
MBytes,16.8,Mbits/sec,0,2.47
MBytes,17.8,Mbits/sec,0,2.47
MBytes,16.8,Mbits/sec,0,2.47
MBytes,16.8,Mbits/sec,0,2.47
MBytes,19.9,Mbits/sec,0,2.47
MBytes,17.8,Mbits/sec,0,2.47
MBytes,16.8,Mbits/sec,0,2.47
MBytes,17.8,Mbits/sec,0,2.47
MBytes,16.8,Mbits/sec,0,2.47
MBytes,16.8,Mbits/sec,0,2.47
MBytes,17.8,Mbits/sec,0,2.47
MBytes,17.8,Mbits/sec,0,2.47
MBytes,16.8,Mbits/sec,0,2.47
MBytes,16.8,Mbits/sec,0,2.47
MBytes,17.8,Mbits/sec,0,2.47
MBytes,16.8,Mbits/sec,0,2.47
MBytes,17.8,Mbits/sec,0,2.47
MBytes,17.8,Mbits/sec,0,2.47
MBytes,16.8,Mbits/sec,0,2.47
MBytes,9.44,Mbits/sec,0,2.47
MBytes,10.5,Mbits/sec,0,2.47
MBytes,12.6,Mbits/sec,0,2.47
MBytes,13.6,Mbits/sec,0,2.47
MBytes,13.6,Mbits/sec,0,2.47
MBytes,9.44,Mbits/sec,0,2.47
MBytes,9.44,Mbits/sec,0,2.47
MBytes,10.5,Mbits/sec,0,2.47
MBytes,11.5,Mbits/sec,0,2.47
MBytes,12.6,Mbits/sec,0,2.47
MBytes,11.5,Mbits/sec,0,2.47
MBytes,15.7,Mbits/sec,0,2.47
MBytes,14.7,Mbits/sec,0,2.47
MBytes,14.7,Mbits/sec,0,2.47
MBytes,15.7,Mbits/sec,0,2.47
MBytes,18.9,Mbits/sec,0,2.47
MBytes,17.8,Mbits/sec,0,2.47
MBytes,17.8,Mbits/sec,0,2.47
MBytes,16.8,Mbits/sec,0,2.47
MBytes,17.8,Mbits/sec,0,2.47
MBytes,19.9,Mbits/sec,0,2.47
MBytes,16.8,Mbits/sec,0,2.47
MBytes,18.9,Mbits/sec,0,2.47
MBytes,16.8,Mbits/sec,0,2.47
MBytes,16.8,Mbits/sec,0,2.47
MBytes,22.0,Mbits/sec,0,2.47
MBytes,18.9,Mbits/sec,0,2.47
MBytes,16.8,Mbits/sec,0,2.47
MBytes,17.8,Mbits/sec,0,2.47
MBytes,17.8,Mbits/sec,0,2.47
MBytes,16.8,Mbits/sec,0,2.47
MBytes,18.9,Mbits/sec,0,2.47
MBytes,17.8,Mbits/sec,0,2.47
MBytes,16.8,Mbits/sec,0,2.47
MBytes,16.8,Mbits/sec,0,2.47
MBytes,17.8,Mbits/sec,0,2.47
MBytes,17.8,Mbits/sec,0,2.47
MBytes,18.9,Mbits/sec,0,2.47
MBytes,16.8,Mbits/sec,0,2.47
MBytes,17.8,Mbits/sec,0,2.47
MBytes,16.8,Mbits/sec,0,2.47
MBytes,16.8,Mbits/sec,0,2.47
MBytes,17.8,Mbits/sec,0,2.47
MBytes,16.9,Mbits/sec,0,sender
MBytes,16.8,Mbits/sec,receiver,
