Interval,Transfer,Bitrate,Retr,Cwnd
40038,connected,to,10.45.0.14,port
MBytes,20.8,Mbits/sec,0,161
MBytes,47.2,Mbits/sec,0,416
MBytes,38.8,Mbits/sec,0,635
MBytes,37.7,Mbits/sec,0,844
MBytes,18.9,Mbits/sec,0,950
MBytes,16.8,Mbits/sec,0,1.02
MBytes,32.5,Mbits/sec,0,1.19
MBytes,34.6,Mbits/sec,0,1.40
MBytes,39.8,Mbits/sec,0,1.64
MBytes,41.9,Mbits/sec,0,1.89
MBytes,41.9,Mbits/sec,0,2.14
MBytes,43.0,Mbits/sec,0,2.40
MBytes,41.9,Mbits/sec,0,2.51
MBytes,41.9,Mbits/sec,0,2.51
MBytes,43.0,Mbits/sec,0,2.51
MBytes,43.0,Mbits/sec,0,2.51
MBytes,41.9,Mbits/sec,0,2.51
MBytes,43.0,Mbits/sec,0,2.51
MBytes,41.9,Mbits/sec,0,2.51
MBytes,41.9,Mbits/sec,0,2.51
MBytes,41.9,Mbits/sec,0,2.51
MBytes,43.0,Mbits/sec,0,2.51
MBytes,43.0,Mbits/sec,0,2.51
MBytes,41.9,Mbits/sec,0,2.51
MBytes,41.9,Mbits/sec,0,2.51
MBytes,43.0,Mbits/sec,0,2.51
MBytes,41.9,Mbits/sec,0,2.51
MBytes,43.0,Mbits/sec,0,2.51
MBytes,41.9,Mbits/sec,0,2.51
MBytes,41.9,Mbits/sec,0,2.51
MBytes,43.0,Mbits/sec,0,2.51
MBytes,41.9,Mbits/sec,0,2.51
MBytes,43.0,Mbits/sec,0,2.51
MBytes,43.0,Mbits/sec,0,2.51
MBytes,41.9,Mbits/sec,0,2.51
MBytes,41.9,Mbits/sec,0,2.51
MBytes,43.0,Mbits/sec,0,2.51
MBytes,43.0,Mbits/sec,0,2.51
MBytes,41.9,Mbits/sec,0,2.51
MBytes,41.9,Mbits/sec,0,2.51
MBytes,43.0,Mbits/sec,0,2.51
MBytes,41.9,Mbits/sec,0,2.51
MBytes,43.0,Mbits/sec,0,2.51
MBytes,41.9,Mbits/sec,0,2.51
MBytes,30.4,Mbits/sec,0,2.51
MBytes,17.8,Mbits/sec,0,2.51
MBytes,24.1,Mbits/sec,0,2.51
MBytes,33.6,Mbits/sec,0,2.51
MBytes,30.4,Mbits/sec,0,2.51
MBytes,26.2,Mbits/sec,0,2.51
MBytes,34.6,Mbits/sec,0,2.51
MBytes,38.8,Mbits/sec,0,2.51
MBytes,43.0,Mbits/sec,0,2.51
MBytes,41.9,Mbits/sec,0,2.51
MBytes,43.0,Mbits/sec,0,2.51
MBytes,41.9,Mbits/sec,0,2.51
MBytes,43.0,Mbits/sec,0,2.51
MBytes,41.9,Mbits/sec,0,2.51
MBytes,41.9,Mbits/sec,0,2.51
MBytes,43.0,Mbits/sec,0,2.51
MBytes,41.9,Mbits/sec,0,2.51
MBytes,43.0,Mbits/sec,0,2.51
MBytes,40.9,Mbits/sec,0,2.51
MBytes,43.0,Mbits/sec,0,2.51
MBytes,43.0,Mbits/sec,0,2.51
MBytes,41.9,Mbits/sec,0,2.51
MBytes,43.0,Mbits/sec,0,2.51
MBytes,41.9,Mbits/sec,0,2.51
MBytes,43.0,Mbits/sec,0,2.51
MBytes,41.9,Mbits/sec,0,2.51
MBytes,43.0,Mbits/sec,0,2.51
MBytes,41.9,Mbits/sec,0,2.51
MBytes,33.6,Mbits/sec,0,2.51
MBytes,23.1,Mbits/sec,0,2.51
MBytes,33.6,Mbits/sec,0,2.51
MBytes,37.7,Mbits/sec,0,2.51
MBytes,41.9,Mbits/sec,0,2.51
MBytes,40.9,Mbits/sec,0,2.51
MBytes,41.9,Mbits/sec,0,2.51
MBytes,43.0,Mbits/sec,0,2.51
MBytes,26.2,Mbits/sec,0,2.51
MBytes,21.0,Mbits/sec,0,2.51
MBytes,21.0,Mbits/sec,0,2.51
MBytes,26.2,Mbits/sec,0,2.51
MBytes,28.3,Mbits/sec,0,2.51
MBytes,26.2,Mbits/sec,0,2.51
MBytes,24.1,Mbits/sec,0,2.51
MBytes,27.3,Mbits/sec,0,2.51
MBytes,31.5,Mbits/sec,0,2.51
MBytes,24.1,Mbits/sec,0,2.51
MBytes,19.9,Mbits/sec,0,2.51
MBytes,19.9,Mbits/sec,0,2.51
MBytes,23.1,Mbits/sec,0,2.51
MBytes,26.2,Mbits/sec,0,2.51
MBytes,28.3,Mbits/sec,0,2.51
MBytes,35.7,Mbits/sec,0,2.51
MBytes,38.8,Mbits/sec,0,2.51
MBytes,25.2,Mbits/sec,0,2.51
MBytes,30.4,Mbits/sec,0,2.51
MBytes,36.7,Mbits/sec,0,2.51
MBytes,40.9,Mbits/sec,0,2.51
MBytes,41.9,Mbits/sec,0,2.51
MBytes,43.0,Mbits/sec,0,2.51
MBytes,41.9,Mbits/sec,0,2.51
MBytes,43.0,Mbits/sec,0,2.51
MBytes,41.9,Mbits/sec,0,2.51
MBytes,41.9,Mbits/sec,0,2.51
MBytes,31.5,Mbits/sec,0,2.51
MBytes,32.5,Mbits/sec,0,2.51
MBytes,25.2,Mbits/sec,0,2.51
MBytes,17.8,Mbits/sec,0,2.51
MBytes,22.0,Mbits/sec,0,2.51
MBytes,25.2,Mbits/sec,0,2.51
MBytes,19.9,Mbits/sec,0,2.51
MBytes,29.4,Mbits/sec,0,2.51
MBytes,34.6,Mbits/sec,0,2.51
MBytes,39.8,Mbits/sec,0,2.51
MBytes,42.0,Mbits/sec,0,2.51
MBytes,37.7,Mbits/sec,0,2.51
MBytes,21.0,Mbits/sec,0,2.51
MBytes,36.4,Mbits/sec,0,sender
MBytes,36.2,Mbits/sec,receiver,
