Interval,Transfer,Bitrate,Retr,Cwnd
56562,connected,to,10.45.0.14,port
MBytes,27.0,Mbits/sec,0,229
MBytes,45.1,Mbits/sec,0,474
MBytes,40.9,Mbits/sec,0,706
MBytes,50.3,Mbits/sec,0,978
MBytes,46.1,Mbits/sec,0,1.21
MBytes,40.9,Mbits/sec,0,1.45
MBytes,41.9,Mbits/sec,0,1.71
MBytes,41.9,Mbits/sec,0,1.96
MBytes,41.9,Mbits/sec,0,2.21
MBytes,41.9,Mbits/sec,0,2.46
MBytes,43.0,Mbits/sec,0,2.50
MBytes,41.9,Mbits/sec,0,2.50
MBytes,41.9,Mbits/sec,0,2.50
MBytes,41.9,Mbits/sec,0,2.50
MBytes,43.0,Mbits/sec,0,2.50
MBytes,41.9,Mbits/sec,0,2.50
MBytes,43.0,Mbits/sec,0,2.50
MBytes,41.9,Mbits/sec,0,2.50
MBytes,43.0,Mbits/sec,0,2.50
MBytes,41.9,Mbits/sec,0,2.50
MBytes,43.0,Mbits/sec,0,2.50
MBytes,41.9,Mbits/sec,0,2.50
MBytes,41.9,Mbits/sec,0,2.50
MBytes,43.0,Mbits/sec,0,2.50
MBytes,41.9,Mbits/sec,0,2.50
MBytes,43.0,Mbits/sec,0,2.50
MBytes,41.9,Mbits/sec,0,2.50
MBytes,41.9,Mbits/sec,0,2.50
MBytes,43.0,Mbits/sec,0,2.50
MBytes,41.9,Mbits/sec,0,2.50
MBytes,43.0,Mbits/sec,0,2.50
MBytes,41.9,Mbits/sec,0,2.50
MBytes,43.0,Mbits/sec,0,2.50
MBytes,41.9,Mbits/sec,0,2.50
MBytes,43.0,Mbits/sec,0,2.50
MBytes,41.9,Mbits/sec,0,2.50
MBytes,43.0,Mbits/sec,0,2.50
MBytes,41.9,Mbits/sec,0,2.50
MBytes,41.9,Mbits/sec,0,2.50
MBytes,43.0,Mbits/sec,0,2.50
MBytes,41.9,Mbits/sec,0,2.50
MBytes,43.0,Mbits/sec,0,2.50
MBytes,41.9,Mbits/sec,0,2.50
MBytes,43.0,Mbits/sec,0,2.50
MBytes,41.9,Mbits/sec,0,2.50
MBytes,43.0,Mbits/sec,0,2.50
MBytes,40.9,Mbits/sec,0,2.50
MBytes,43.0,Mbits/sec,0,2.50
MBytes,41.9,Mbits/sec,0,2.50
MBytes,41.9,Mbits/sec,0,2.50
MBytes,43.0,Mbits/sec,0,2.50
MBytes,41.9,Mbits/sec,0,2.50
MBytes,43.0,Mbits/sec,0,2.50
MBytes,41.9,Mbits/sec,0,2.50
MBytes,41.9,Mbits/sec,0,2.50
MBytes,43.0,Mbits/sec,0,2.50
MBytes,43.0,Mbits/sec,0,2.50
MBytes,41.9,Mbits/sec,0,2.50
MBytes,41.9,Mbits/sec,0,2.50
MBytes,43.0,Mbits/sec,0,2.50
MBytes,41.9,Mbits/sec,0,2.50
MBytes,43.0,Mbits/sec,0,2.50
MBytes,41.9,Mbits/sec,0,2.50
MBytes,41.9,Mbits/sec,0,2.50
MBytes,41.9,Mbits/sec,0,2.50
MBytes,41.9,Mbits/sec,0,2.50
MBytes,43.0,Mbits/sec,0,2.50
MBytes,41.9,Mbits/sec,0,2.50
MBytes,43.0,Mbits/sec,0,2.50
MBytes,41.9,Mbits/sec,0,2.50
MBytes,43.0,Mbits/sec,0,2.50
MBytes,41.9,Mbits/sec,0,2.50
MBytes,41.9,Mbits/sec,0,2.50
MBytes,43.0,Mbits/sec,0,2.50
MBytes,43.0,Mbits/sec,0,2.50
MBytes,41.9,Mbits/sec,0,2.50
MBytes,40.9,Mbits/sec,0,2.50
MBytes,40.9,Mbits/sec,0,2.50
MBytes,43.0,Mbits/sec,0,2.50
MBytes,41.9,Mbits/sec,0,2.50
MBytes,41.9,Mbits/sec,0,2.50
MBytes,41.9,Mbits/sec,0,2.50
MBytes,43.0,Mbits/sec,0,2.50
MBytes,41.9,Mbits/sec,0,2.50
MBytes,43.0,Mbits/sec,0,2.50
MBytes,43.0,Mbits/sec,0,2.50
MBytes,41.9,Mbits/sec,0,2.50
MBytes,41.9,Mbits/sec,0,2.50
MBytes,43.0,Mbits/sec,0,2.50
MBytes,40.9,Mbits/sec,0,2.50
MBytes,34.6,Mbits/sec,0,2.50
MBytes,21.0,Mbits/sec,0,2.50
MBytes,22.0,Mbits/sec,0,2.50
MBytes,24.1,Mbits/sec,0,2.50
MBytes,27.3,Mbits/sec,0,2.50
MBytes,29.4,Mbits/sec,0,2.50
MBytes,32.5,Mbits/sec,0,2.50
MBytes,32.5,Mbits/sec,0,2.50
MBytes,27.3,Mbits/sec,0,2.50
MBytes,29.4,Mbits/sec,0,2.50
MBytes,26.2,Mbits/sec,0,2.50
MBytes,28.3,Mbits/sec,0,2.50
MBytes,34.6,Mbits/sec,0,2.50
MBytes,39.8,Mbits/sec,0,2.50
MBytes,43.0,Mbits/sec,0,2.50
MBytes,41.9,Mbits/sec,0,2.50
MBytes,41.9,Mbits/sec,0,2.50
MBytes,43.0,Mbits/sec,0,2.50
MBytes,41.9,Mbits/sec,0,2.50
MBytes,43.0,Mbits/sec,0,2.50
MBytes,41.9,Mbits/sec,0,2.50
MBytes,43.0,Mbits/sec,0,2.50
MBytes,41.9,Mbits/sec,0,2.50
MBytes,43.0,Mbits/sec,0,2.50
MBytes,41.9,Mbits/sec,0,2.50
MBytes,43.0,Mbits/sec,0,2.50
MBytes,41.9,Mbits/sec,0,2.50
MBytes,41.9,Mbits/sec,0,2.50
MBytes,43.0,Mbits/sec,0,2.50
MBytes,41.9,Mbits/sec,0,2.50
MBytes,40.8,Mbits/sec,0,sender
MBytes,40.6,Mbits/sec,receiver,
