Interval,Transfer,Bitrate,Retr,Cwnd
51862,connected,to,10.45.0.14,port
MBytes,12.8,Mbits/sec,0,100
MBytes,25.2,Mbits/sec,0,240
MBytes,32.5,Mbits/sec,0,419
MBytes,38.8,Mbits/sec,0,633
MBytes,45.1,Mbits/sec,0,878
MBytes,46.1,Mbits/sec,0,1.11
MBytes,44.0,Mbits/sec,0,1.36
MBytes,40.9,Mbits/sec,0,1.61
MBytes,41.9,Mbits/sec,0,1.86
MBytes,41.9,Mbits/sec,0,2.11
MBytes,41.9,Mbits/sec,0,2.37
MBytes,43.0,Mbits/sec,0,2.51
MBytes,43.0,Mbits/sec,0,2.51
MBytes,41.9,Mbits/sec,0,2.51
MBytes,41.9,Mbits/sec,0,2.51
MBytes,43.0,Mbits/sec,0,2.51
MBytes,43.0,Mbits/sec,0,2.51
MBytes,39.8,Mbits/sec,0,2.51
MBytes,45.1,Mbits/sec,0,2.51
MBytes,31.5,Mbits/sec,0,2.51
MBytes,37.8,Mbits/sec,0,2.51
MBytes,41.9,Mbits/sec,0,2.51
MBytes,41.9,Mbits/sec,0,2.51
MBytes,43.0,Mbits/sec,0,2.51
MBytes,43.0,Mbits/sec,0,2.51
MBytes,41.9,Mbits/sec,0,2.51
MBytes,41.9,Mbits/sec,0,2.51
MBytes,43.0,Mbits/sec,0,2.51
MBytes,41.9,Mbits/sec,0,2.51
MBytes,43.0,Mbits/sec,0,2.51
MBytes,41.9,Mbits/sec,0,2.51
MBytes,43.0,Mbits/sec,0,2.51
MBytes,41.9,Mbits/sec,0,2.51
MBytes,43.0,Mbits/sec,0,2.51
MBytes,41.9,Mbits/sec,0,2.51
MBytes,41.9,Mbits/sec,0,2.51
MBytes,43.0,Mbits/sec,0,2.51
MBytes,41.9,Mbits/sec,0,2.51
MBytes,41.9,Mbits/sec,0,2.51
MBytes,43.0,Mbits/sec,0,2.51
MBytes,41.9,Mbits/sec,0,2.51
MBytes,43.0,Mbits/sec,0,2.51
MBytes,41.9,Mbits/sec,0,2.51
MBytes,41.9,Mbits/sec,0,2.51
MBytes,43.0,Mbits/sec,0,2.51
MBytes,43.0,Mbits/sec,0,2.51
MBytes,41.9,Mbits/sec,0,2.51
MBytes,41.9,Mbits/sec,0,2.51
MBytes,43.0,Mbits/sec,0,2.51
MBytes,43.0,Mbits/sec,0,2.51
MBytes,41.9,Mbits/sec,0,2.51
MBytes,41.9,Mbits/sec,0,2.51
MBytes,43.0,Mbits/sec,0,2.51
MBytes,41.9,Mbits/sec,0,2.51
MBytes,43.0,Mbits/sec,0,2.51
MBytes,41.9,Mbits/sec,0,2.51
MBytes,43.0,Mbits/sec,0,2.51
MBytes,41.9,Mbits/sec,0,2.51
MBytes,42.0,Mbits/sec,0,2.51
MBytes,43.0,Mbits/sec,0,2.51
MBytes,41.9,Mbits/sec,0,2.51
MBytes,43.0,Mbits/sec,0,2.51
MBytes,41.9,Mbits/sec,0,2.51
MBytes,43.0,Mbits/sec,0,2.51
MBytes,41.9,Mbits/sec,0,2.51
MBytes,43.0,Mbits/sec,0,2.51
MBytes,41.9,Mbits/sec,0,2.51
MBytes,43.0,Mbits/sec,0,2.51
MBytes,41.9,Mbits/sec,0,2.51
MBytes,41.9,Mbits/sec,0,2.51
MBytes,43.0,Mbits/sec,0,2.51
MBytes,41.9,Mbits/sec,0,2.51
MBytes,43.0,Mbits/sec,0,2.51
MBytes,41.9,Mbits/sec,0,2.51
MBytes,43.0,Mbits/sec,0,2.51
MBytes,41.9,Mbits/sec,0,2.51
MBytes,41.9,Mbits/sec,0,2.51
MBytes,43.0,Mbits/sec,0,2.51
MBytes,41.9,Mbits/sec,0,2.51
MBytes,43.0,Mbits/sec,0,2.51
MBytes,43.0,Mbits/sec,0,2.51
MBytes,41.9,Mbits/sec,0,2.51
MBytes,41.9,Mbits/sec,0,2.51
MBytes,43.0,Mbits/sec,0,2.51
MBytes,41.9,Mbits/sec,0,2.51
MBytes,43.0,Mbits/sec,0,2.51
MBytes,41.9,Mbits/sec,0,2.51
MBytes,41.9,Mbits/sec,0,2.51
MBytes,43.0,Mbits/sec,0,2.51
MBytes,41.9,Mbits/sec,0,2.51
MBytes,43.0,Mbits/sec,0,2.51
MBytes,41.9,Mbits/sec,0,2.51
MBytes,43.0,Mbits/sec,0,2.51
MBytes,41.9,Mbits/sec,0,2.51
MBytes,43.0,Mbits/sec,0,2.51
MBytes,41.9,Mbits/sec,0,2.51
MBytes,41.9,Mbits/sec,0,2.51
MBytes,43.0,Mbits/sec,0,2.51
MBytes,41.9,Mbits/sec,0,2.51
MBytes,43.0,Mbits/sec,0,2.51
MBytes,41.9,Mbits/sec,0,2.51
MBytes,41.9,Mbits/sec,0,2.51
MBytes,43.0,Mbits/sec,0,2.51
MBytes,43.0,Mbits/sec,0,2.51
MBytes,41.9,Mbits/sec,0,2.51
MBytes,41.9,Mbits/sec,0,2.51
MBytes,43.0,Mbits/sec,0,2.51
MBytes,40.9,Mbits/sec,0,2.51
MBytes,43.0,Mbits/sec,0,2.51
MBytes,43.0,Mbits/sec,0,2.51
MBytes,41.9,Mbits/sec,0,2.51
MBytes,41.9,Mbits/sec,0,2.51
MBytes,44.0,Mbits/sec,0,2.51
MBytes,41.9,Mbits/sec,0,2.51
MBytes,41.9,Mbits/sec,0,2.51
MBytes,43.0,Mbits/sec,0,2.51
MBytes,41.9,Mbits/sec,0,2.51
MBytes,41.9,Mbits/sec,0,2.51
MBytes,43.0,Mbits/sec,0,2.51
MBytes,43.0,Mbits/sec,0,2.51
MBytes,41.8,Mbits/sec,0,sender
MBytes,41.7,Mbits/sec,receiver,
