Interval,Transfer,Bitrate,Retr,Cwnd
36026,connected,to,10.45.0.14,port
MBytes,24.5,Mbits/sec,0,176
MBytes,44.0,Mbits/sec,0,423
MBytes,46.1,Mbits/sec,0,678
MBytes,47.2,Mbits/sec,0,937
MBytes,47.2,Mbits/sec,0,1.17
MBytes,41.9,Mbits/sec,0,1.42
MBytes,41.9,Mbits/sec,0,1.67
MBytes,41.9,Mbits/sec,0,1.93
MBytes,41.9,Mbits/sec,0,2.18
MBytes,41.9,Mbits/sec,0,2.43
MBytes,43.0,Mbits/sec,0,2.48
MBytes,43.0,Mbits/sec,0,2.48
MBytes,41.9,Mbits/sec,0,2.48
MBytes,43.0,Mbits/sec,0,2.48
MBytes,41.9,Mbits/sec,0,2.48
MBytes,41.9,Mbits/sec,0,2.48
MBytes,43.0,Mbits/sec,0,2.48
MBytes,41.9,Mbits/sec,0,2.48
MBytes,43.0,Mbits/sec,0,2.48
MBytes,41.9,Mbits/sec,0,2.48
MBytes,41.9,Mbits/sec,0,2.48
MBytes,43.0,Mbits/sec,0,2.48
MBytes,41.9,Mbits/sec,0,2.48
MBytes,41.9,Mbits/sec,0,2.48
MBytes,43.0,Mbits/sec,0,2.48
MBytes,43.0,Mbits/sec,0,2.48
MBytes,41.9,Mbits/sec,0,2.48
MBytes,41.9,Mbits/sec,0,2.48
MBytes,43.0,Mbits/sec,0,2.48
MBytes,41.9,Mbits/sec,0,2.48
MBytes,43.0,Mbits/sec,0,2.48
MBytes,41.9,Mbits/sec,0,2.48
MBytes,43.0,Mbits/sec,0,2.48
MBytes,41.9,Mbits/sec,0,2.48
MBytes,43.0,Mbits/sec,0,2.48
MBytes,41.9,Mbits/sec,0,2.48
MBytes,43.0,Mbits/sec,0,2.48
MBytes,41.9,Mbits/sec,0,2.48
MBytes,43.0,Mbits/sec,0,2.48
MBytes,41.9,Mbits/sec,0,2.48
MBytes,41.9,Mbits/sec,0,2.48
MBytes,43.0,Mbits/sec,0,2.48
MBytes,41.9,Mbits/sec,0,2.48
MBytes,43.0,Mbits/sec,0,2.48
MBytes,40.9,Mbits/sec,0,2.48
MBytes,44.0,Mbits/sec,0,2.48
MBytes,41.9,Mbits/sec,0,2.48
MBytes,43.0,Mbits/sec,0,2.48
MBytes,41.9,Mbits/sec,0,2.48
MBytes,41.9,Mbits/sec,0,2.48
MBytes,43.0,Mbits/sec,0,2.48
MBytes,41.9,Mbits/sec,0,2.48
MBytes,43.0,Mbits/sec,0,2.48
MBytes,41.9,Mbits/sec,0,2.48
MBytes,43.0,Mbits/sec,0,2.48
MBytes,41.9,Mbits/sec,0,2.48
MBytes,43.0,Mbits/sec,0,2.48
MBytes,41.9,Mbits/sec,0,2.48
MBytes,41.9,Mbits/sec,0,2.48
MBytes,43.0,Mbits/sec,0,2.48
MBytes,41.9,Mbits/sec,0,2.48
MBytes,43.0,Mbits/sec,0,2.48
MBytes,41.9,Mbits/sec,0,2.48
MBytes,43.0,Mbits/sec,0,2.48
MBytes,41.9,Mbits/sec,0,2.48
MBytes,41.9,Mbits/sec,0,2.48
MBytes,41.9,Mbits/sec,0,2.48
MBytes,43.0,Mbits/sec,0,2.48
MBytes,41.9,Mbits/sec,0,2.48
MBytes,43.0,Mbits/sec,0,2.48
MBytes,41.9,Mbits/sec,0,2.48
MBytes,43.0,Mbits/sec,0,2.48
MBytes,41.9,Mbits/sec,0,2.48
MBytes,43.0,Mbits/sec,0,2.48
MBytes,41.9,Mbits/sec,0,2.48
MBytes,38.8,Mbits/sec,0,2.48
MBytes,38.8,Mbits/sec,0,2.48
MBytes,41.9,Mbits/sec,0,2.48
MBytes,43.0,Mbits/sec,0,2.48
MBytes,41.9,Mbits/sec,0,2.48
MBytes,41.9,Mbits/sec,0,2.48
MBytes,43.0,Mbits/sec,0,2.48
MBytes,41.9,Mbits/sec,0,2.48
MBytes,43.0,Mbits/sec,0,2.48
MBytes,41.9,Mbits/sec,0,2.48
MBytes,43.0,Mbits/sec,0,2.48
MBytes,41.9,Mbits/sec,0,2.48
MBytes,43.0,Mbits/sec,0,2.48
MBytes,41.9,Mbits/sec,0,2.48
MBytes,41.9,Mbits/sec,0,2.48
MBytes,43.0,Mbits/sec,0,2.48
MBytes,41.9,Mbits/sec,0,2.48
MBytes,41.9,Mbits/sec,0,2.48
MBytes,43.0,Mbits/sec,0,2.48
MBytes,43.0,Mbits/sec,0,2.48
MBytes,41.9,Mbits/sec,0,2.48
MBytes,43.0,Mbits/sec,0,2.48
MBytes,41.9,Mbits/sec,0,2.48
MBytes,41.9,Mbits/sec,0,2.48
MBytes,32.5,Mbits/sec,0,2.48
MBytes,23.1,Mbits/sec,0,2.48
MBytes,33.6,Mbits/sec,0,2.48
MBytes,37.7,Mbits/sec,0,2.48
MBytes,34.6,Mbits/sec,0,2.48
MBytes,27.3,Mbits/sec,0,2.48
MBytes,35.7,Mbits/sec,0,2.48
MBytes,39.8,Mbits/sec,0,2.48
MBytes,41.9,Mbits/sec,0,2.48
MBytes,43.0,Mbits/sec,0,2.48
MBytes,41.9,Mbits/sec,0,2.48
MBytes,43.0,Mbits/sec,0,2.48
MBytes,41.9,Mbits/sec,0,2.48
MBytes,30.4,Mbits/sec,0,2.48
MBytes,35.7,Mbits/sec,0,2.48
MBytes,40.9,Mbits/sec,0,2.48
MBytes,41.9,Mbits/sec,0,2.48
MBytes,41.9,Mbits/sec,0,2.48
MBytes,43.0,Mbits/sec,0,2.48
MBytes,30.4,Mbits/sec,0,2.48
MBytes,16.8,Mbits/sec,0,2.48
MBytes,41.2,Mbits/sec,0,sender
MBytes,40.9,Mbits/sec,receiver,
