Interval,Transfer,Bitrate,Retr,Cwnd
39970,connected,to,10.45.0.14,port
MBytes,13.2,Mbits/sec,0,103
MBytes,31.4,Mbits/sec,0,279
MBytes,29.4,Mbits/sec,0,438
MBytes,34.6,Mbits/sec,0,631
MBytes,41.9,Mbits/sec,0,861
MBytes,46.1,Mbits/sec,0,1.09
MBytes,43.0,Mbits/sec,0,1.34
MBytes,43.0,Mbits/sec,0,1.60
MBytes,41.9,Mbits/sec,0,1.85
MBytes,40.9,Mbits/sec,0,2.10
MBytes,43.0,Mbits/sec,0,2.35
MBytes,43.0,Mbits/sec,0,2.50
MBytes,40.9,Mbits/sec,0,2.50
MBytes,44.0,Mbits/sec,0,2.50
MBytes,41.9,Mbits/sec,0,2.50
MBytes,41.9,Mbits/sec,0,2.50
MBytes,43.0,Mbits/sec,0,2.50
MBytes,34.6,Mbits/sec,0,2.50
MBytes,27.3,Mbits/sec,0,2.50
MBytes,34.6,Mbits/sec,0,2.50
MBytes,35.7,Mbits/sec,0,2.50
MBytes,38.8,Mbits/sec,0,2.50
MBytes,40.9,Mbits/sec,0,2.50
MBytes,38.8,Mbits/sec,0,2.50
MBytes,29.4,Mbits/sec,0,2.50
MBytes,22.0,Mbits/sec,0,2.50
MBytes,29.4,Mbits/sec,0,2.50
MBytes,35.6,Mbits/sec,0,2.50
MBytes,24.1,Mbits/sec,0,2.50
MBytes,13.6,Mbits/sec,0,2.50
MBytes,15.7,Mbits/sec,0,2.50
MBytes,23.1,Mbits/sec,0,2.50
MBytes,31.5,Mbits/sec,0,2.50
MBytes,36.7,Mbits/sec,0,2.50
MBytes,40.9,Mbits/sec,0,2.50
MBytes,43.0,Mbits/sec,0,2.50
MBytes,41.9,Mbits/sec,0,2.50
MBytes,43.0,Mbits/sec,0,2.50
MBytes,41.9,Mbits/sec,0,2.50
MBytes,41.9,Mbits/sec,0,2.50
MBytes,43.0,Mbits/sec,0,2.50
MBytes,41.9,Mbits/sec,0,2.50
MBytes,43.0,Mbits/sec,0,2.50
MBytes,41.9,Mbits/sec,0,2.50
MBytes,43.0,Mbits/sec,0,2.50
MBytes,41.9,Mbits/sec,0,2.50
MBytes,41.9,Mbits/sec,0,2.50
MBytes,43.0,Mbits/sec,0,2.50
MBytes,41.9,Mbits/sec,0,2.50
MBytes,43.0,Mbits/sec,0,2.50
MBytes,40.9,Mbits/sec,0,2.50
MBytes,44.0,Mbits/sec,0,2.50
MBytes,41.9,Mbits/sec,0,2.50
MBytes,43.0,Mbits/sec,0,2.50
MBytes,41.9,Mbits/sec,0,2.50
MBytes,43.0,Mbits/sec,0,2.50
MBytes,41.9,Mbits/sec,0,2.50
MBytes,41.9,Mbits/sec,0,2.50
MBytes,43.0,Mbits/sec,0,2.50
MBytes,41.9,Mbits/sec,0,2.50
MBytes,43.0,Mbits/sec,0,2.50
MBytes,41.9,Mbits/sec,0,2.50
MBytes,43.0,Mbits/sec,0,2.50
MBytes,41.9,Mbits/sec,0,2.50
MBytes,43.0,Mbits/sec,0,2.50
MBytes,40.9,Mbits/sec,0,2.50
MBytes,43.0,Mbits/sec,0,2.50
MBytes,43.0,Mbits/sec,0,2.50
MBytes,41.9,Mbits/sec,0,2.50
MBytes,43.0,Mbits/sec,0,2.50
MBytes,41.9,Mbits/sec,0,2.50
MBytes,43.0,Mbits/sec,0,2.50
MBytes,41.9,Mbits/sec,0,2.50
MBytes,41.9,Mbits/sec,0,2.50
MBytes,43.0,Mbits/sec,0,2.50
MBytes,41.9,Mbits/sec,0,2.50
MBytes,43.0,Mbits/sec,0,2.50
MBytes,41.9,Mbits/sec,0,2.50
MBytes,43.0,Mbits/sec,0,2.50
MBytes,41.9,Mbits/sec,0,2.50
MBytes,41.9,Mbits/sec,0,2.50
MBytes,43.0,Mbits/sec,0,2.50
MBytes,43.0,Mbits/sec,0,2.50
MBytes,41.9,Mbits/sec,0,2.50
MBytes,41.9,Mbits/sec,0,2.50
MBytes,43.0,Mbits/sec,0,2.50
MBytes,40.9,Mbits/sec,0,2.50
MBytes,44.0,Mbits/sec,0,2.50
MBytes,40.9,Mbits/sec,0,2.50
MBytes,43.0,Mbits/sec,0,2.50
MBytes,43.0,Mbits/sec,0,2.50
MBytes,41.9,Mbits/sec,0,2.50
MBytes,41.9,Mbits/sec,0,2.50
MBytes,43.0,Mbits/sec,0,2.50
MBytes,41.9,Mbits/sec,0,2.50
MBytes,43.0,Mbits/sec,0,2.50
MBytes,41.9,Mbits/sec,0,2.50
MBytes,43.0,Mbits/sec,0,2.50
MBytes,43.0,Mbits/sec,0,2.50
MBytes,41.9,Mbits/sec,0,2.50
MBytes,43.0,Mbits/sec,0,2.50
MBytes,40.9,Mbits/sec,0,2.50
MBytes,43.0,Mbits/sec,0,2.50
MBytes,41.9,Mbits/sec,0,2.50
MBytes,43.0,Mbits/sec,0,2.50
MBytes,41.9,Mbits/sec,0,2.50
MBytes,43.0,Mbits/sec,0,2.50
MBytes,43.0,Mbits/sec,0,2.50
MBytes,41.9,Mbits/sec,0,2.50
MBytes,41.9,Mbits/sec,0,2.50
MBytes,41.9,Mbits/sec,0,2.50
MBytes,43.0,Mbits/sec,0,2.50
MBytes,43.0,Mbits/sec,0,2.50
MBytes,41.9,Mbits/sec,0,2.50
MBytes,43.0,Mbits/sec,0,2.50
MBytes,41.9,Mbits/sec,0,2.50
MBytes,43.0,Mbits/sec,0,2.50
MBytes,41.9,Mbits/sec,0,2.50
MBytes,41.9,Mbits/sec,0,2.50
MBytes,43.0,Mbits/sec,0,2.50
MBytes,40.2,Mbits/sec,0,sender
MBytes,40.0,Mbits/sec,receiver,
